Id,label
0,neg
1,neg
2,neg
3,pos
4,pos
5,neg
6,pos
7,neg
8,pos
9,pos
10,pos
11,pos
12,pos
13,neg
14,neg
15,pos
16,neg
17,pos
18,pos
19,neg
20,neg
21,pos
22,pos
23,neg
24,neg
25,neg
26,neg
27,pos
28,neg
29,pos
30,pos
31,neg
32,neg
33,neg
34,pos
35,pos
36,pos
37,neg
38,neg
39,neg
40,neg
41,pos
42,neg
43,neg
44,neg
45,neg
46,pos
47,pos
48,pos
49,pos
50,neg
51,neg
52,pos
53,pos
54,neg
55,neg
56,pos
57,pos
58,neg
59,pos
60,neg
61,pos
62,neg
63,pos
64,neg
65,neg
66,neg
67,neg
68,pos
69,pos
70,pos
71,pos
72,neg
73,pos
74,pos
75,pos
76,pos
77,pos
78,pos
79,neg
80,pos
81,neg
82,pos
83,pos
84,pos
85,pos
86,neg
87,pos
88,neg
89,pos
90,neg
91,neg
92,neg
93,neg
94,pos
95,neg
96,neg
97,pos
98,neg
99,pos
100,pos
101,neg
102,neg
103,pos
104,neg
105,pos
106,pos
107,neg
108,neg
109,neg
110,pos
111,neg
112,neg
113,pos
114,neg
115,neg
116,neg
117,neg
118,neg
119,neg
120,pos
121,pos
122,pos
123,pos
124,pos
125,pos
126,neg
127,pos
128,neg
129,neg
130,neg
131,pos
132,neg
133,neg
134,neg
135,neg
136,pos
137,pos
138,pos
139,pos
140,pos
141,pos
142,pos
143,neg
144,pos
145,neg
146,pos
147,neg
148,neg
149,neg
150,neg
151,neg
152,pos
153,neg
154,pos
155,neg
156,neg
157,neg
158,pos
159,pos
160,neg
161,neg
162,neg
163,pos
164,neg
165,pos
166,neg
167,pos
168,neg
169,pos
170,neg
171,neg
172,pos
173,pos
174,neg
175,neg
176,pos
177,neg
178,neg
179,neg
180,pos
181,neg
182,pos
183,pos
184,pos
185,neg
186,neg
187,pos
188,pos
189,neg
190,pos
191,pos
192,pos
193,neg
194,neg
195,neg
196,pos
197,pos
198,pos
199,neg
200,neg
201,neg
202,neg
203,neg
204,neg
205,pos
206,neg
207,pos
208,neg
209,pos
210,neg
211,pos
212,neg
213,pos
214,pos
215,neg
216,pos
217,pos
218,neg
219,pos
220,pos
221,pos
222,neg
223,pos
224,pos
225,neg
226,neg
227,neg
228,pos
229,pos
230,neg
231,neg
232,neg
233,pos
234,pos
235,neg
236,neg
237,pos
238,pos
239,neg
240,pos
241,neg
242,neg
243,pos
244,neg
245,pos
246,neg
247,neg
248,pos
249,pos
250,neg
251,pos
252,neg
253,neg
254,pos
255,neg
256,neg
257,pos
258,pos
259,pos
260,neg
261,pos
262,pos
263,neg
264,neg
265,pos
266,neg
267,neg
268,neg
269,pos
270,pos
271,neg
272,neg
273,neg
274,neg
275,pos
276,neg
277,neg
278,pos
279,neg
280,neg
281,pos
282,neg
283,pos
284,neg
285,pos
286,neg
287,pos
288,pos
289,neg
290,pos
291,neg
292,neg
293,pos
294,neg
295,pos
296,neg
297,pos
298,neg
299,pos
300,pos
301,neg
302,pos
303,pos
304,neg
305,pos
306,neg
307,neg
308,neg
309,neg
310,neg
311,pos
312,neg
313,neg
314,pos
315,neg
316,neg
317,pos
318,pos
319,neg
320,pos
321,neg
322,neg
323,pos
324,neg
325,neg
326,pos
327,pos
328,neg
329,pos
330,neg
331,neg
332,neg
333,pos
334,neg
335,neg
336,pos
337,pos
338,neg
339,neg
340,neg
341,neg
342,pos
343,pos
344,pos
345,neg
346,neg
347,pos
348,pos
349,pos
350,pos
351,pos
352,neg
353,pos
354,neg
355,neg
356,pos
357,pos
358,neg
359,pos
360,pos
361,neg
362,neg
363,neg
364,neg
365,neg
366,pos
367,pos
368,pos
369,neg
370,pos
371,pos
372,pos
373,neg
374,neg
375,neg
376,pos
377,neg
378,neg
379,pos
380,neg
381,pos
382,pos
383,pos
384,neg
385,neg
386,neg
387,pos
388,pos
389,neg
390,pos
391,pos
392,neg
393,pos
394,neg
395,neg
396,pos
397,pos
398,pos
399,pos
400,pos
401,pos
402,neg
403,pos
404,neg
405,pos
406,pos
407,neg
408,pos
409,neg
410,neg
411,pos
412,pos
413,neg
414,pos
415,neg
416,neg
417,pos
418,neg
419,pos
420,neg
421,pos
422,neg
423,neg
424,neg
425,neg
426,pos
427,pos
428,neg
429,pos
430,pos
431,pos
432,pos
433,neg
434,neg
435,pos
436,pos
437,neg
438,pos
439,neg
440,neg
441,neg
442,pos
443,neg
444,pos
445,pos
446,pos
447,neg
448,neg
449,neg
450,neg
451,neg
452,neg
453,neg
454,pos
455,neg
456,pos
457,pos
458,neg
459,pos
460,pos
461,pos
462,neg
463,pos
464,pos
465,neg
466,neg
467,pos
468,pos
469,pos
470,neg
471,neg
472,pos
473,neg
474,pos
475,pos
476,pos
477,pos
478,pos
479,neg
480,pos
481,neg
482,pos
483,pos
484,neg
485,neg
486,pos
487,neg
488,pos
489,pos
490,neg
491,neg
492,pos
493,pos
494,neg
495,pos
496,pos
497,neg
498,neg
499,pos
500,neg
501,pos
502,neg
503,neg
504,pos
505,neg
506,neg
507,neg
508,pos
509,pos
510,neg
511,neg
512,pos
513,neg
514,neg
515,neg
516,neg
517,neg
518,neg
519,neg
520,neg
521,pos
522,neg
523,pos
524,neg
525,pos
526,pos
527,pos
528,pos
529,neg
530,pos
531,pos
532,pos
533,neg
534,pos
535,neg
536,neg
537,neg
538,pos
539,neg
540,neg
541,pos
542,pos
543,pos
544,pos
545,neg
546,pos
547,neg
548,neg
549,pos
550,neg
551,pos
552,pos
553,neg
554,pos
555,neg
556,pos
557,neg
558,neg
559,neg
560,pos
561,pos
562,pos
563,neg
564,pos
565,pos
566,neg
567,pos
568,neg
569,pos
570,pos
571,pos
572,pos
573,pos
574,pos
575,pos
576,neg
577,pos
578,pos
579,neg
580,neg
581,pos
582,neg
583,neg
584,neg
585,neg
586,pos
587,neg
588,pos
589,pos
590,neg
591,neg
592,neg
593,neg
594,neg
595,neg
596,neg
597,neg
598,neg
599,neg
600,pos
601,neg
602,pos
603,neg
604,neg
605,pos
606,pos
607,neg
608,pos
609,pos
610,pos
611,neg
612,neg
613,pos
614,pos
615,pos
616,pos
617,neg
618,neg
619,pos
620,pos
621,pos
622,pos
623,pos
624,pos
625,neg
626,pos
627,neg
628,pos
629,neg
630,neg
631,neg
632,pos
633,neg
634,neg
635,neg
636,neg
637,pos
638,neg
639,neg
640,neg
641,neg
642,neg
643,neg
644,neg
645,pos
646,neg
647,pos
648,neg
649,neg
650,pos
651,pos
652,neg
653,neg
654,neg
655,pos
656,neg
657,pos
658,pos
659,neg
660,neg
661,pos
662,neg
663,neg
664,neg
665,neg
666,pos
667,neg
668,neg
669,neg
670,neg
671,neg
672,neg
673,neg
674,pos
675,pos
676,pos
677,neg
678,neg
679,pos
680,pos
681,pos
682,neg
683,pos
684,neg
685,pos
686,pos
687,pos
688,pos
689,pos
690,pos
691,neg
692,pos
693,pos
694,neg
695,pos
696,neg
697,pos
698,neg
699,neg
700,neg
701,pos
702,pos
703,pos
704,pos
705,neg
706,pos
707,neg
708,neg
709,pos
710,neg
711,neg
712,pos
713,neg
714,neg
715,neg
716,pos
717,neg
718,pos
719,neg
720,neg
721,neg
722,pos
723,pos
724,pos
725,neg
726,neg
727,neg
728,neg
729,pos
730,pos
731,neg
732,pos
733,pos
734,pos
735,pos
736,neg
737,neg
738,pos
739,pos
740,neg
741,neg
742,pos
743,neg
744,neg
745,pos
746,neg
747,pos
748,pos
749,pos
750,neg
751,neg
752,neg
753,neg
754,pos
755,pos
756,neg
757,pos
758,neg
759,pos
760,neg
761,pos
762,neg
763,neg
764,pos
765,pos
766,pos
767,pos
768,pos
769,neg
770,neg
771,neg
772,pos
773,neg
774,pos
775,neg
776,neg
777,pos
778,neg
779,neg
780,neg
781,neg
782,pos
783,pos
784,neg
785,neg
786,neg
787,pos
788,neg
789,pos
790,neg
791,pos
792,neg
793,pos
794,neg
795,neg
796,neg
797,pos
798,neg
799,neg
800,neg
801,neg
802,pos
803,pos
804,pos
805,pos
806,neg
807,pos
808,neg
809,pos
810,pos
811,pos
812,pos
813,pos
814,neg
815,pos
816,pos
817,neg
818,pos
819,neg
820,neg
821,pos
822,neg
823,neg
824,neg
825,pos
826,neg
827,neg
828,pos
829,pos
830,neg
831,pos
832,pos
833,neg
834,pos
835,pos
836,pos
837,neg
838,pos
839,pos
840,pos
841,neg
842,pos
843,neg
844,neg
845,pos
846,neg
847,neg
848,pos
849,pos
850,pos
851,neg
852,neg
853,neg
854,pos
855,pos
856,pos
857,neg
858,neg
859,pos
860,neg
861,neg
862,neg
863,pos
864,neg
865,neg
866,neg
867,pos
868,pos
869,pos
870,pos
871,pos
872,pos
873,pos
874,pos
875,neg
876,pos
877,neg
878,neg
879,pos
880,pos
881,pos
882,neg
883,pos
884,pos
885,neg
886,pos
887,pos
888,pos
889,neg
890,pos
891,neg
892,neg
893,pos
894,neg
895,pos
896,pos
897,pos
898,pos
899,pos
900,pos
901,neg
902,pos
903,neg
904,pos
905,pos
906,neg
907,pos
908,neg
909,pos
910,pos
911,neg
912,neg
913,neg
914,pos
915,neg
916,pos
917,neg
918,neg
919,pos
920,neg
921,neg
922,neg
923,neg
924,neg
925,neg
926,pos
927,pos
928,neg
929,pos
930,neg
931,pos
932,pos
933,neg
934,pos
935,pos
936,neg
937,pos
938,neg
939,pos
940,neg
941,neg
942,neg
943,neg
944,pos
945,pos
946,neg
947,neg
948,neg
949,pos
950,pos
951,neg
952,pos
953,pos
954,neg
955,pos
956,neg
957,neg
958,neg
959,neg
960,neg
961,pos
962,pos
963,pos
964,neg
965,neg
966,neg
967,pos
968,neg
969,pos
970,neg
971,pos
972,neg
973,neg
974,pos
975,neg
976,pos
977,neg
978,pos
979,neg
980,neg
981,neg
982,pos
983,neg
984,pos
985,neg
986,pos
987,neg
988,neg
989,pos
990,neg
991,pos
992,pos
993,neg
994,neg
995,neg
996,pos
997,neg
998,pos
999,neg
1000,neg
1001,pos
1002,pos
1003,pos
1004,neg
1005,neg
1006,neg
1007,pos
1008,pos
1009,pos
1010,pos
1011,pos
1012,pos
1013,pos
1014,pos
1015,pos
1016,pos
1017,neg
1018,pos
1019,pos
1020,pos
1021,pos
1022,pos
1023,pos
1024,neg
1025,pos
1026,pos
1027,pos
1028,pos
1029,pos
1030,pos
1031,neg
1032,pos
1033,neg
1034,pos
1035,neg
1036,neg
1037,neg
1038,pos
1039,neg
1040,pos
1041,neg
1042,pos
1043,neg
1044,neg
1045,pos
1046,neg
1047,neg
1048,pos
1049,neg
1050,pos
1051,neg
1052,pos
1053,pos
1054,neg
1055,neg
1056,pos
1057,neg
1058,pos
1059,pos
1060,neg
1061,neg
1062,neg
1063,pos
1064,neg
1065,neg
1066,pos
1067,pos
1068,pos
1069,pos
1070,pos
1071,neg
1072,neg
1073,neg
1074,neg
1075,pos
1076,neg
1077,pos
1078,neg
1079,neg
1080,pos
1081,pos
1082,neg
1083,pos
1084,neg
1085,neg
1086,neg
1087,pos
1088,neg
1089,neg
1090,pos
1091,pos
1092,pos
1093,neg
1094,pos
1095,neg
1096,neg
1097,pos
1098,neg
1099,neg
1100,neg
1101,neg
1102,pos
1103,pos
1104,pos
1105,neg
1106,pos
1107,neg
1108,pos
1109,neg
1110,pos
1111,neg
1112,neg
1113,neg
1114,pos
1115,pos
1116,neg
1117,neg
1118,pos
1119,pos
1120,pos
1121,pos
1122,pos
1123,pos
1124,pos
1125,pos
1126,pos
1127,pos
1128,pos
1129,neg
1130,pos
1131,neg
1132,pos
1133,neg
1134,pos
1135,pos
1136,neg
1137,pos
1138,neg
1139,neg
1140,neg
1141,pos
1142,pos
1143,neg
1144,neg
1145,neg
1146,pos
1147,pos
1148,neg
1149,neg
1150,neg
1151,pos
1152,neg
1153,neg
1154,pos
1155,pos
1156,pos
1157,neg
1158,pos
1159,neg
1160,pos
1161,neg
1162,neg
1163,neg
1164,neg
1165,pos
1166,pos
1167,neg
1168,pos
1169,pos
1170,pos
1171,pos
1172,neg
1173,pos
1174,pos
1175,pos
1176,pos
1177,neg
1178,neg
1179,pos
1180,pos
1181,pos
1182,pos
1183,pos
1184,neg
1185,neg
1186,pos
1187,neg
1188,neg
1189,pos
1190,pos
1191,neg
1192,pos
1193,pos
1194,neg
1195,neg
1196,pos
1197,neg
1198,pos
1199,neg
1200,neg
1201,neg
1202,pos
1203,neg
1204,pos
1205,neg
1206,pos
1207,pos
1208,neg
1209,pos
1210,neg
1211,neg
1212,pos
1213,neg
1214,pos
1215,neg
1216,pos
1217,neg
1218,neg
1219,pos
1220,pos
1221,neg
1222,pos
1223,neg
1224,neg
1225,neg
1226,neg
1227,neg
1228,pos
1229,neg
1230,neg
1231,pos
1232,neg
1233,pos
1234,pos
1235,neg
1236,pos
1237,pos
1238,pos
1239,neg
1240,neg
1241,pos
1242,pos
1243,pos
1244,neg
1245,neg
1246,neg
1247,neg
1248,neg
1249,neg
1250,neg
1251,neg
1252,pos
1253,neg
1254,pos
1255,pos
1256,pos
1257,neg
1258,neg
1259,pos
1260,neg
1261,neg
1262,neg
1263,neg
1264,neg
1265,neg
1266,pos
1267,neg
1268,pos
1269,pos
1270,neg
1271,neg
1272,neg
1273,pos
1274,pos
1275,pos
1276,pos
1277,pos
1278,neg
1279,pos
1280,neg
1281,neg
1282,pos
1283,neg
1284,neg
1285,neg
1286,neg
1287,pos
1288,pos
1289,neg
1290,pos
1291,pos
1292,pos
1293,pos
1294,neg
1295,pos
1296,neg
1297,pos
1298,pos
1299,neg
1300,neg
1301,pos
1302,neg
1303,neg
1304,neg
1305,pos
1306,pos
1307,neg
1308,pos
1309,neg
1310,neg
1311,neg
1312,neg
1313,pos
1314,neg
1315,neg
1316,pos
1317,neg
1318,pos
1319,neg
1320,pos
1321,pos
1322,neg
1323,neg
1324,neg
1325,pos
1326,pos
1327,pos
1328,neg
1329,neg
1330,neg
1331,pos
1332,pos
1333,pos
1334,neg
1335,neg
1336,pos
1337,pos
1338,neg
1339,pos
1340,pos
1341,pos
1342,neg
1343,neg
1344,neg
1345,neg
1346,pos
1347,pos
1348,pos
1349,neg
1350,pos
1351,pos
1352,neg
1353,neg
1354,pos
1355,neg
1356,neg
1357,pos
1358,pos
1359,neg
1360,neg
1361,neg
1362,pos
1363,pos
1364,pos
1365,pos
1366,neg
1367,pos
1368,pos
1369,neg
1370,pos
1371,neg
1372,neg
1373,pos
1374,neg
1375,pos
1376,neg
1377,neg
1378,neg
1379,neg
1380,neg
1381,neg
1382,pos
1383,pos
1384,pos
1385,pos
1386,pos
1387,neg
1388,pos
1389,pos
1390,neg
1391,neg
1392,neg
1393,neg
1394,pos
1395,neg
1396,pos
1397,pos
1398,neg
1399,neg
1400,neg
1401,neg
1402,neg
1403,pos
1404,pos
1405,pos
1406,neg
1407,pos
1408,neg
1409,pos
1410,pos
1411,neg
1412,pos
1413,pos
1414,neg
1415,neg
1416,neg
1417,pos
1418,pos
1419,neg
1420,neg
1421,pos
1422,neg
1423,pos
1424,neg
1425,neg
1426,neg
1427,neg
1428,pos
1429,pos
1430,neg
1431,pos
1432,neg
1433,neg
1434,neg
1435,pos
1436,pos
1437,neg
1438,neg
1439,neg
1440,neg
1441,pos
1442,neg
1443,pos
1444,neg
1445,neg
1446,neg
1447,neg
1448,neg
1449,neg
1450,neg
1451,pos
1452,neg
1453,neg
1454,neg
1455,pos
1456,neg
1457,neg
1458,neg
1459,neg
1460,pos
1461,pos
1462,neg
1463,pos
1464,neg
1465,pos
1466,pos
1467,pos
1468,pos
1469,neg
1470,pos
1471,neg
1472,pos
1473,neg
1474,neg
1475,pos
1476,neg
1477,neg
1478,pos
1479,pos
1480,pos
1481,pos
1482,neg
1483,pos
1484,pos
1485,pos
1486,neg
1487,neg
1488,neg
1489,neg
1490,neg
1491,neg
1492,neg
1493,pos
1494,neg
1495,neg
1496,neg
1497,neg
1498,neg
1499,pos
1500,neg
1501,neg
1502,pos
1503,neg
1504,pos
1505,neg
1506,pos
1507,pos
1508,pos
1509,pos
1510,neg
1511,pos
1512,neg
1513,neg
1514,neg
1515,neg
1516,pos
1517,pos
1518,neg
1519,pos
1520,neg
1521,neg
1522,neg
1523,neg
1524,pos
1525,neg
1526,neg
1527,neg
1528,neg
1529,neg
1530,pos
1531,neg
1532,pos
1533,pos
1534,pos
1535,neg
1536,pos
1537,pos
1538,pos
1539,pos
1540,pos
1541,pos
1542,pos
1543,neg
1544,neg
1545,neg
1546,neg
1547,neg
1548,neg
1549,neg
1550,pos
1551,pos
1552,neg
1553,pos
1554,pos
1555,pos
1556,pos
1557,neg
1558,pos
1559,pos
1560,pos
1561,pos
1562,pos
1563,pos
1564,neg
1565,pos
1566,pos
1567,pos
1568,pos
1569,neg
1570,neg
1571,neg
1572,pos
1573,pos
1574,neg
1575,neg
1576,neg
1577,pos
1578,pos
1579,neg
1580,pos
1581,pos
1582,pos
1583,neg
1584,pos
1585,neg
1586,neg
1587,neg
1588,neg
1589,pos
1590,pos
1591,neg
1592,neg
1593,pos
1594,pos
1595,pos
1596,neg
1597,pos
1598,neg
1599,pos
1600,neg
1601,pos
1602,pos
1603,neg
1604,pos
1605,pos
1606,neg
1607,pos
1608,neg
1609,neg
1610,neg
1611,neg
1612,pos
1613,pos
1614,neg
1615,neg
1616,pos
1617,pos
1618,pos
1619,neg
1620,pos
1621,pos
1622,neg
1623,pos
1624,neg
1625,pos
1626,neg
1627,pos
1628,neg
1629,pos
1630,pos
1631,neg
1632,pos
1633,pos
1634,neg
1635,pos
1636,neg
1637,pos
1638,pos
1639,neg
1640,pos
1641,neg
1642,neg
1643,neg
1644,neg
1645,neg
1646,neg
1647,neg
1648,pos
1649,neg
1650,neg
1651,pos
1652,pos
1653,neg
1654,neg
1655,neg
1656,neg
1657,neg
1658,pos
1659,pos
1660,neg
1661,neg
1662,neg
1663,neg
1664,pos
1665,neg
1666,neg
1667,pos
1668,pos
1669,pos
1670,pos
1671,pos
1672,neg
1673,neg
1674,pos
1675,pos
1676,pos
1677,neg
1678,pos
1679,neg
1680,pos
1681,neg
1682,neg
1683,neg
1684,neg
1685,pos
1686,pos
1687,pos
1688,neg
1689,pos
1690,pos
1691,pos
1692,pos
1693,neg
1694,pos
1695,pos
1696,pos
1697,pos
1698,pos
1699,neg
1700,pos
1701,pos
1702,pos
1703,neg
1704,neg
1705,neg
1706,neg
1707,pos
1708,neg
1709,pos
1710,neg
1711,pos
1712,pos
1713,pos
1714,neg
1715,neg
1716,pos
1717,neg
1718,neg
1719,pos
1720,neg
1721,pos
1722,pos
1723,neg
1724,neg
1725,neg
1726,pos
1727,neg
1728,pos
1729,neg
1730,neg
1731,neg
1732,pos
1733,neg
1734,neg
1735,neg
1736,neg
1737,pos
1738,neg
1739,pos
1740,pos
1741,neg
1742,neg
1743,neg
1744,neg
1745,neg
1746,neg
1747,neg
1748,pos
1749,neg
1750,neg
1751,neg
1752,pos
1753,pos
1754,neg
1755,pos
1756,pos
1757,pos
1758,pos
1759,pos
1760,neg
1761,neg
1762,neg
1763,pos
1764,pos
1765,pos
1766,neg
1767,neg
1768,neg
1769,neg
1770,pos
1771,neg
1772,pos
1773,pos
1774,neg
1775,neg
1776,pos
1777,pos
1778,neg
1779,neg
1780,pos
1781,neg
1782,pos
1783,pos
1784,neg
1785,pos
1786,neg
1787,pos
1788,pos
1789,pos
1790,pos
1791,pos
1792,pos
1793,neg
1794,neg
1795,neg
1796,neg
1797,pos
1798,pos
1799,neg
1800,pos
1801,pos
1802,pos
1803,neg
1804,neg
1805,neg
1806,pos
1807,pos
1808,neg
1809,pos
1810,neg
1811,pos
1812,neg
1813,pos
1814,neg
1815,pos
1816,neg
1817,neg
1818,pos
1819,pos
1820,neg
1821,pos
1822,neg
1823,neg
1824,pos
1825,pos
1826,pos
1827,neg
1828,pos
1829,neg
1830,neg
1831,neg
1832,pos
1833,pos
1834,pos
1835,pos
1836,neg
1837,neg
1838,pos
1839,neg
1840,pos
1841,pos
1842,neg
1843,pos
1844,pos
1845,pos
1846,pos
1847,neg
1848,pos
1849,neg
1850,pos
1851,neg
1852,neg
1853,pos
1854,neg
1855,pos
1856,pos
1857,pos
1858,pos
1859,neg
1860,pos
1861,pos
1862,neg
1863,neg
1864,pos
1865,pos
1866,pos
1867,pos
1868,neg
1869,pos
1870,pos
1871,pos
1872,neg
1873,neg
1874,pos
1875,neg
1876,pos
1877,pos
1878,neg
1879,pos
1880,pos
1881,pos
1882,pos
1883,pos
1884,neg
1885,neg
1886,neg
1887,pos
1888,neg
1889,pos
1890,pos
1891,pos
1892,pos
1893,pos
1894,pos
1895,pos
1896,pos
1897,pos
1898,neg
1899,pos
1900,pos
1901,pos
1902,neg
1903,pos
1904,neg
1905,pos
1906,pos
1907,pos
1908,neg
1909,neg
1910,neg
1911,neg
1912,neg
1913,pos
1914,pos
1915,pos
1916,pos
1917,pos
1918,pos
1919,pos
1920,neg
1921,neg
1922,neg
1923,pos
1924,pos
1925,neg
1926,neg
1927,pos
1928,pos
1929,pos
1930,neg
1931,pos
1932,pos
1933,pos
1934,neg
1935,neg
1936,neg
1937,neg
1938,neg
1939,pos
1940,neg
1941,pos
1942,pos
1943,pos
1944,neg
1945,pos
1946,neg
1947,neg
1948,neg
1949,pos
1950,pos
1951,neg
1952,neg
1953,neg
1954,pos
1955,pos
1956,neg
1957,neg
1958,pos
1959,neg
1960,neg
1961,neg
1962,pos
1963,pos
1964,pos
1965,neg
1966,neg
1967,neg
1968,neg
1969,neg
1970,neg
1971,pos
1972,pos
1973,pos
1974,pos
1975,neg
1976,pos
1977,pos
1978,neg
1979,pos
1980,neg
1981,pos
1982,pos
1983,pos
1984,pos
1985,neg
1986,neg
1987,neg
1988,pos
1989,pos
1990,pos
1991,neg
1992,pos
1993,neg
1994,pos
1995,pos
1996,pos
1997,pos
1998,pos
1999,pos
2000,pos
2001,pos
2002,neg
2003,neg
2004,neg
2005,neg
2006,pos
2007,neg
2008,neg
2009,pos
2010,neg
2011,pos
2012,neg
2013,neg
2014,pos
2015,neg
2016,neg
2017,neg
2018,neg
2019,pos
2020,pos
2021,neg
2022,neg
2023,pos
2024,pos
2025,neg
2026,pos
2027,neg
2028,pos
2029,neg
2030,pos
2031,pos
2032,pos
2033,neg
2034,pos
2035,neg
2036,pos
2037,neg
2038,pos
2039,pos
2040,pos
2041,neg
2042,neg
2043,pos
2044,pos
2045,pos
2046,pos
2047,neg
2048,pos
2049,pos
2050,pos
2051,pos
2052,pos
2053,pos
2054,pos
2055,pos
2056,neg
2057,pos
2058,neg
2059,neg
2060,neg
2061,pos
2062,pos
2063,pos
2064,pos
2065,pos
2066,pos
2067,neg
2068,pos
2069,neg
2070,pos
2071,pos
2072,pos
2073,neg
2074,pos
2075,pos
2076,neg
2077,neg
2078,neg
2079,neg
2080,pos
2081,neg
2082,pos
2083,pos
2084,pos
2085,neg
2086,neg
2087,pos
2088,neg
2089,neg
2090,pos
2091,neg
2092,pos
2093,pos
2094,neg
2095,pos
2096,neg
2097,pos
2098,pos
2099,pos
2100,pos
2101,pos
2102,pos
2103,neg
2104,pos
2105,pos
2106,pos
2107,neg
2108,pos
2109,neg
2110,neg
2111,pos
2112,neg
2113,pos
2114,neg
2115,neg
2116,pos
2117,pos
2118,neg
2119,neg
2120,pos
2121,neg
2122,pos
2123,pos
2124,pos
2125,neg
2126,neg
2127,neg
2128,neg
2129,pos
2130,pos
2131,pos
2132,neg
2133,pos
2134,pos
2135,pos
2136,pos
2137,pos
2138,pos
2139,neg
2140,neg
2141,neg
2142,pos
2143,pos
2144,neg
2145,pos
2146,neg
2147,neg
2148,pos
2149,neg
2150,neg
2151,neg
2152,pos
2153,pos
2154,pos
2155,neg
2156,pos
2157,pos
2158,pos
2159,neg
2160,neg
2161,neg
2162,neg
2163,neg
2164,neg
2165,pos
2166,pos
2167,neg
2168,neg
2169,neg
2170,pos
2171,neg
2172,neg
2173,pos
2174,neg
2175,pos
2176,neg
2177,neg
2178,pos
2179,pos
2180,pos
2181,pos
2182,pos
2183,pos
2184,pos
2185,pos
2186,pos
2187,pos
2188,neg
2189,neg
2190,neg
2191,neg
2192,pos
2193,neg
2194,pos
2195,neg
2196,neg
2197,neg
2198,pos
2199,neg
2200,neg
2201,pos
2202,pos
2203,pos
2204,neg
2205,pos
2206,neg
2207,pos
2208,pos
2209,pos
2210,neg
2211,pos
2212,pos
2213,neg
2214,neg
2215,pos
2216,pos
2217,pos
2218,pos
2219,pos
2220,neg
2221,pos
2222,pos
2223,neg
2224,pos
2225,pos
2226,neg
2227,pos
2228,pos
2229,neg
2230,pos
2231,neg
2232,pos
2233,pos
2234,neg
2235,pos
2236,neg
2237,neg
2238,neg
2239,neg
2240,neg
2241,pos
2242,neg
2243,pos
2244,neg
2245,neg
2246,neg
2247,neg
2248,neg
2249,pos
2250,neg
2251,pos
2252,pos
2253,neg
2254,pos
2255,pos
2256,neg
2257,neg
2258,pos
2259,neg
2260,pos
2261,neg
2262,neg
2263,pos
2264,pos
2265,neg
2266,neg
2267,pos
2268,pos
2269,pos
2270,pos
2271,neg
2272,pos
2273,pos
2274,pos
2275,pos
2276,neg
2277,neg
2278,neg
2279,neg
2280,pos
2281,pos
2282,pos
2283,neg
2284,pos
2285,pos
2286,pos
2287,pos
2288,neg
2289,neg
2290,neg
2291,neg
2292,pos
2293,neg
2294,neg
2295,pos
2296,pos
2297,neg
2298,pos
2299,neg
2300,neg
2301,neg
2302,neg
2303,neg
2304,pos
2305,pos
2306,neg
2307,pos
2308,neg
2309,neg
2310,neg
2311,pos
2312,neg
2313,neg
2314,neg
2315,neg
2316,neg
2317,pos
2318,neg
2319,pos
2320,neg
2321,pos
2322,pos
2323,pos
2324,neg
2325,pos
2326,neg
2327,pos
2328,pos
2329,neg
2330,neg
2331,pos
2332,neg
2333,pos
2334,pos
2335,pos
2336,neg
2337,neg
2338,pos
2339,pos
2340,pos
2341,neg
2342,pos
2343,neg
2344,pos
2345,pos
2346,pos
2347,neg
2348,pos
2349,pos
2350,neg
2351,pos
2352,pos
2353,pos
2354,pos
2355,pos
2356,pos
2357,neg
2358,neg
2359,pos
2360,neg
2361,neg
2362,pos
2363,neg
2364,neg
2365,neg
2366,neg
2367,pos
2368,pos
2369,neg
2370,pos
2371,neg
2372,neg
2373,pos
2374,pos
2375,pos
2376,pos
2377,pos
2378,pos
2379,pos
2380,neg
2381,neg
2382,neg
2383,pos
2384,neg
2385,neg
2386,neg
2387,neg
2388,neg
2389,pos
2390,neg
2391,pos
2392,neg
2393,neg
2394,neg
2395,pos
2396,neg
2397,pos
2398,neg
2399,neg
2400,neg
2401,pos
2402,neg
2403,pos
2404,neg
2405,neg
2406,pos
2407,pos
2408,neg
2409,neg
2410,neg
2411,neg
2412,neg
2413,neg
2414,pos
2415,pos
2416,pos
2417,pos
2418,pos
2419,pos
2420,neg
2421,pos
2422,neg
2423,neg
2424,pos
2425,neg
2426,neg
2427,pos
2428,neg
2429,pos
2430,pos
2431,pos
2432,neg
2433,pos
2434,pos
2435,neg
2436,pos
2437,neg
2438,neg
2439,neg
2440,neg
2441,neg
2442,pos
2443,pos
2444,neg
2445,neg
2446,pos
2447,pos
2448,neg
2449,pos
2450,neg
2451,neg
2452,pos
2453,neg
2454,pos
2455,pos
2456,neg
2457,pos
2458,pos
2459,neg
2460,neg
2461,pos
2462,pos
2463,neg
2464,pos
2465,neg
2466,neg
2467,pos
2468,pos
2469,neg
2470,pos
2471,neg
2472,neg
2473,neg
2474,neg
2475,pos
2476,neg
2477,pos
2478,neg
2479,neg
2480,pos
2481,pos
2482,neg
2483,neg
2484,pos
2485,neg
2486,neg
2487,neg
2488,pos
2489,pos
2490,neg
2491,neg
2492,neg
2493,neg
2494,pos
2495,pos
2496,neg
2497,neg
2498,neg
2499,pos
2500,neg
2501,neg
2502,pos
2503,neg
2504,neg
2505,pos
2506,pos
2507,neg
2508,neg
2509,neg
2510,pos
2511,pos
2512,neg
2513,neg
2514,pos
2515,pos
2516,pos
2517,neg
2518,pos
2519,pos
2520,pos
2521,neg
2522,pos
2523,neg
2524,pos
2525,pos
2526,pos
2527,neg
2528,neg
2529,pos
2530,neg
2531,neg
2532,neg
2533,neg
2534,neg
2535,neg
2536,neg
2537,neg
2538,pos
2539,pos
2540,pos
2541,neg
2542,pos
2543,neg
2544,pos
2545,neg
2546,neg
2547,pos
2548,pos
2549,pos
2550,pos
2551,pos
2552,pos
2553,neg
2554,neg
2555,pos
2556,pos
2557,pos
2558,pos
2559,pos
2560,neg
2561,neg
2562,neg
2563,pos
2564,pos
2565,neg
2566,neg
2567,neg
2568,neg
2569,pos
2570,pos
2571,pos
2572,pos
2573,neg
2574,neg
2575,pos
2576,neg
2577,neg
2578,neg
2579,pos
2580,pos
2581,pos
2582,neg
2583,neg
2584,neg
2585,neg
2586,neg
2587,neg
2588,neg
2589,pos
2590,pos
2591,neg
2592,pos
2593,pos
2594,neg
2595,pos
2596,pos
2597,pos
2598,neg
2599,pos
2600,neg
2601,pos
2602,pos
2603,pos
2604,neg
2605,pos
2606,pos
2607,neg
2608,pos
2609,pos
2610,neg
2611,pos
2612,pos
2613,neg
2614,pos
2615,pos
2616,pos
2617,neg
2618,neg
2619,pos
2620,pos
2621,pos
2622,pos
2623,pos
2624,neg
2625,pos
2626,neg
2627,pos
2628,pos
2629,neg
2630,pos
2631,pos
2632,neg
2633,neg
2634,neg
2635,pos
2636,neg
2637,neg
2638,pos
2639,pos
2640,neg
2641,neg
2642,pos
2643,pos
2644,neg
2645,neg
2646,neg
2647,pos
2648,neg
2649,pos
2650,neg
2651,pos
2652,pos
2653,neg
2654,neg
2655,pos
2656,neg
2657,neg
2658,neg
2659,neg
2660,pos
2661,neg
2662,neg
2663,neg
2664,pos
2665,neg
2666,pos
2667,pos
2668,pos
2669,neg
2670,neg
2671,pos
2672,pos
2673,pos
2674,neg
2675,pos
2676,pos
2677,pos
2678,pos
2679,neg
2680,pos
2681,neg
2682,neg
2683,pos
2684,pos
2685,pos
2686,pos
2687,neg
2688,neg
2689,neg
2690,neg
2691,neg
2692,pos
2693,neg
2694,neg
2695,neg
2696,neg
2697,pos
2698,pos
2699,neg
2700,pos
2701,pos
2702,pos
2703,pos
2704,pos
2705,neg
2706,pos
2707,neg
2708,neg
2709,neg
2710,neg
2711,pos
2712,neg
2713,neg
2714,neg
2715,pos
2716,neg
2717,pos
2718,pos
2719,pos
2720,neg
2721,pos
2722,pos
2723,pos
2724,pos
2725,neg
2726,pos
2727,pos
2728,neg
2729,pos
2730,pos
2731,neg
2732,neg
2733,neg
2734,neg
2735,neg
2736,pos
2737,pos
2738,pos
2739,pos
2740,neg
2741,pos
2742,neg
2743,pos
2744,neg
2745,pos
2746,pos
2747,pos
2748,neg
2749,neg
2750,neg
2751,neg
2752,pos
2753,pos
2754,neg
2755,neg
2756,neg
2757,neg
2758,neg
2759,pos
2760,neg
2761,pos
2762,neg
2763,pos
2764,pos
2765,neg
2766,pos
2767,neg
2768,pos
2769,neg
2770,pos
2771,neg
2772,neg
2773,neg
2774,pos
2775,neg
2776,pos
2777,neg
2778,neg
2779,pos
2780,pos
2781,pos
2782,pos
2783,pos
2784,neg
2785,pos
2786,neg
2787,neg
2788,pos
2789,neg
2790,pos
2791,pos
2792,neg
2793,pos
2794,neg
2795,pos
2796,neg
2797,pos
2798,neg
2799,neg
2800,neg
2801,pos
2802,pos
2803,pos
2804,pos
2805,pos
2806,pos
2807,neg
2808,neg
2809,pos
2810,pos
2811,neg
2812,neg
2813,pos
2814,neg
2815,pos
2816,neg
2817,neg
2818,neg
2819,pos
2820,neg
2821,neg
2822,neg
2823,neg
2824,pos
2825,neg
2826,neg
2827,pos
2828,pos
2829,pos
2830,pos
2831,neg
2832,neg
2833,neg
2834,neg
2835,pos
2836,neg
2837,pos
2838,neg
2839,neg
2840,pos
2841,pos
2842,pos
2843,pos
2844,pos
2845,neg
2846,pos
2847,neg
2848,pos
2849,neg
2850,neg
2851,pos
2852,neg
2853,pos
2854,pos
2855,neg
2856,neg
2857,neg
2858,neg
2859,pos
2860,pos
2861,pos
2862,neg
2863,neg
2864,neg
2865,pos
2866,pos
2867,neg
2868,pos
2869,neg
2870,neg
2871,neg
2872,neg
2873,neg
2874,neg
2875,neg
2876,neg
2877,neg
2878,neg
2879,neg
2880,pos
2881,neg
2882,neg
2883,pos
2884,pos
2885,neg
2886,neg
2887,neg
2888,neg
2889,pos
2890,pos
2891,neg
2892,pos
2893,pos
2894,neg
2895,pos
2896,pos
2897,pos
2898,neg
2899,pos
2900,neg
2901,pos
2902,neg
2903,neg
2904,pos
2905,neg
2906,pos
2907,neg
2908,pos
2909,neg
2910,pos
2911,pos
2912,pos
2913,pos
2914,pos
2915,pos
2916,pos
2917,pos
2918,neg
2919,neg
2920,pos
2921,pos
2922,pos
2923,pos
2924,pos
2925,neg
2926,pos
2927,pos
2928,neg
2929,neg
2930,neg
2931,pos
2932,pos
2933,neg
2934,neg
2935,neg
2936,pos
2937,neg
2938,neg
2939,pos
2940,pos
2941,neg
2942,neg
2943,neg
2944,neg
2945,neg
2946,neg
2947,neg
2948,pos
2949,neg
2950,pos
2951,pos
2952,neg
2953,neg
2954,neg
2955,pos
2956,pos
2957,neg
2958,neg
2959,pos
2960,neg
2961,neg
2962,pos
2963,neg
2964,pos
2965,pos
2966,neg
2967,pos
2968,pos
2969,pos
2970,neg
2971,neg
2972,pos
2973,neg
2974,neg
2975,neg
2976,neg
2977,neg
2978,neg
2979,pos
2980,neg
2981,pos
2982,pos
2983,pos
2984,pos
2985,neg
2986,pos
2987,neg
2988,pos
2989,neg
2990,pos
2991,neg
2992,pos
2993,pos
2994,pos
2995,pos
2996,neg
2997,neg
2998,neg
2999,neg
3000,pos
3001,pos
3002,neg
3003,pos
3004,neg
3005,neg
3006,pos
3007,neg
3008,neg
3009,pos
3010,pos
3011,pos
3012,neg
3013,neg
3014,pos
3015,neg
3016,neg
3017,pos
3018,pos
3019,neg
3020,pos
3021,pos
3022,pos
3023,neg
3024,pos
3025,pos
3026,pos
3027,pos
3028,pos
3029,neg
3030,neg
3031,neg
3032,pos
3033,pos
3034,neg
3035,neg
3036,neg
3037,pos
3038,pos
3039,pos
3040,neg
3041,pos
3042,pos
3043,neg
3044,pos
3045,neg
3046,pos
3047,pos
3048,pos
3049,pos
3050,pos
3051,pos
3052,pos
3053,pos
3054,neg
3055,neg
3056,pos
3057,pos
3058,pos
3059,pos
3060,pos
3061,neg
3062,neg
3063,neg
3064,neg
3065,neg
3066,neg
3067,neg
3068,pos
3069,pos
3070,neg
3071,neg
3072,pos
3073,neg
3074,pos
3075,pos
3076,pos
3077,neg
3078,pos
3079,neg
3080,neg
3081,neg
3082,pos
3083,neg
3084,pos
3085,pos
3086,neg
3087,pos
3088,pos
3089,pos
3090,pos
3091,neg
3092,neg
3093,pos
3094,neg
3095,pos
3096,neg
3097,neg
3098,pos
3099,pos
3100,neg
3101,pos
3102,pos
3103,neg
3104,pos
3105,neg
3106,neg
3107,neg
3108,neg
3109,pos
3110,neg
3111,pos
3112,neg
3113,neg
3114,neg
3115,neg
3116,neg
3117,pos
3118,neg
3119,pos
3120,pos
3121,neg
3122,pos
3123,neg
3124,neg
3125,neg
3126,neg
3127,neg
3128,neg
3129,neg
3130,neg
3131,neg
3132,neg
3133,neg
3134,neg
3135,pos
3136,neg
3137,pos
3138,neg
3139,neg
3140,pos
3141,pos
3142,pos
3143,pos
3144,neg
3145,neg
3146,pos
3147,neg
3148,neg
3149,neg
3150,pos
3151,neg
3152,pos
3153,neg
3154,pos
3155,neg
3156,neg
3157,neg
3158,pos
3159,neg
3160,neg
3161,pos
3162,pos
3163,neg
3164,pos
3165,pos
3166,pos
3167,pos
3168,neg
3169,pos
3170,neg
3171,pos
3172,neg
3173,pos
3174,pos
3175,neg
3176,neg
3177,pos
3178,neg
3179,pos
3180,pos
3181,neg
3182,neg
3183,pos
3184,neg
3185,pos
3186,pos
3187,neg
3188,pos
3189,neg
3190,neg
3191,neg
3192,pos
3193,pos
3194,pos
3195,neg
3196,neg
3197,pos
3198,neg
3199,neg
3200,neg
3201,neg
3202,neg
3203,neg
3204,pos
3205,pos
3206,pos
3207,neg
3208,neg
3209,pos
3210,neg
3211,pos
3212,neg
3213,neg
3214,pos
3215,pos
3216,pos
3217,neg
3218,pos
3219,pos
3220,neg
3221,pos
3222,neg
3223,neg
3224,pos
3225,pos
3226,neg
3227,pos
3228,neg
3229,pos
3230,neg
3231,pos
3232,neg
3233,pos
3234,pos
3235,neg
3236,pos
3237,pos
3238,pos
3239,neg
3240,pos
3241,neg
3242,pos
3243,pos
3244,neg
3245,neg
3246,neg
3247,neg
3248,neg
3249,pos
3250,neg
3251,pos
3252,pos
3253,pos
3254,neg
3255,pos
3256,pos
3257,pos
3258,pos
3259,neg
3260,pos
3261,pos
3262,neg
3263,pos
3264,pos
3265,neg
3266,pos
3267,neg
3268,neg
3269,neg
3270,pos
3271,neg
3272,pos
3273,neg
3274,pos
3275,neg
3276,pos
3277,pos
3278,pos
3279,pos
3280,neg
3281,pos
3282,neg
3283,pos
3284,pos
3285,neg
3286,neg
3287,neg
3288,pos
3289,pos
3290,pos
3291,neg
3292,pos
3293,pos
3294,pos
3295,neg
3296,pos
3297,pos
3298,pos
3299,pos
3300,pos
3301,neg
3302,pos
3303,neg
3304,neg
3305,neg
3306,neg
3307,pos
3308,pos
3309,neg
3310,pos
3311,pos
3312,neg
3313,neg
3314,pos
3315,pos
3316,neg
3317,neg
3318,pos
3319,pos
3320,neg
3321,neg
3322,neg
3323,neg
3324,pos
3325,neg
3326,neg
3327,pos
3328,neg
3329,pos
3330,neg
3331,neg
3332,pos
3333,pos
3334,pos
3335,pos
3336,pos
3337,pos
3338,neg
3339,neg
3340,neg
3341,neg
3342,pos
3343,pos
3344,neg
3345,pos
3346,pos
3347,pos
3348,neg
3349,pos
3350,neg
3351,neg
3352,pos
3353,pos
3354,neg
3355,pos
3356,neg
3357,pos
3358,neg
3359,pos
3360,pos
3361,neg
3362,pos
3363,pos
3364,neg
3365,neg
3366,pos
3367,neg
3368,pos
3369,neg
3370,pos
3371,pos
3372,neg
3373,pos
3374,neg
3375,pos
3376,pos
3377,pos
3378,neg
3379,neg
3380,pos
3381,pos
3382,pos
3383,pos
3384,neg
3385,pos
3386,neg
3387,pos
3388,neg
3389,neg
3390,neg
3391,neg
3392,neg
3393,neg
3394,neg
3395,neg
3396,pos
3397,pos
3398,pos
3399,neg
3400,pos
3401,pos
3402,neg
3403,neg
3404,pos
3405,pos
3406,pos
3407,pos
3408,neg
3409,neg
3410,neg
3411,neg
3412,neg
3413,neg
3414,pos
3415,pos
3416,pos
3417,pos
3418,pos
3419,pos
3420,neg
3421,pos
3422,neg
3423,pos
3424,neg
3425,neg
3426,pos
3427,pos
3428,pos
3429,pos
3430,pos
3431,pos
3432,neg
3433,pos
3434,neg
3435,neg
3436,neg
3437,pos
3438,neg
3439,neg
3440,neg
3441,neg
3442,neg
3443,neg
3444,neg
3445,pos
3446,neg
3447,pos
3448,neg
3449,neg
3450,neg
3451,pos
3452,neg
3453,pos
3454,pos
3455,pos
3456,pos
3457,neg
3458,neg
3459,pos
3460,pos
3461,pos
3462,pos
3463,pos
3464,neg
3465,neg
3466,neg
3467,neg
3468,pos
3469,neg
3470,pos
3471,neg
3472,pos
3473,neg
3474,pos
3475,neg
3476,pos
3477,pos
3478,pos
3479,neg
3480,neg
3481,neg
3482,pos
3483,neg
3484,pos
3485,neg
3486,pos
3487,pos
3488,pos
3489,pos
3490,neg
3491,pos
3492,neg
3493,pos
3494,pos
3495,pos
3496,pos
3497,neg
3498,pos
3499,pos
3500,neg
3501,neg
3502,pos
3503,pos
3504,neg
3505,pos
3506,neg
3507,pos
3508,pos
3509,neg
3510,neg
3511,neg
3512,neg
3513,pos
3514,pos
3515,neg
3516,pos
3517,pos
3518,pos
3519,neg
3520,neg
3521,pos
3522,neg
3523,pos
3524,pos
3525,neg
3526,neg
3527,neg
3528,neg
3529,neg
3530,neg
3531,neg
3532,neg
3533,neg
3534,neg
3535,neg
3536,neg
3537,pos
3538,pos
3539,pos
3540,neg
3541,neg
3542,neg
3543,neg
3544,neg
3545,neg
3546,neg
3547,neg
3548,pos
3549,pos
3550,pos
3551,neg
3552,pos
3553,neg
3554,pos
3555,pos
3556,pos
3557,pos
3558,neg
3559,neg
3560,pos
3561,pos
3562,pos
3563,neg
3564,pos
3565,pos
3566,neg
3567,pos
3568,neg
3569,pos
3570,neg
3571,neg
3572,pos
3573,neg
3574,pos
3575,pos
3576,pos
3577,pos
3578,pos
3579,neg
3580,neg
3581,pos
3582,neg
3583,neg
3584,neg
3585,neg
3586,pos
3587,neg
3588,neg
3589,pos
3590,pos
3591,pos
3592,pos
3593,neg
3594,pos
3595,neg
3596,pos
3597,pos
3598,pos
3599,neg
3600,pos
3601,pos
3602,neg
3603,pos
3604,neg
3605,pos
3606,neg
3607,neg
3608,neg
3609,pos
3610,pos
3611,neg
3612,pos
3613,neg
3614,neg
3615,pos
3616,pos
3617,neg
3618,pos
3619,pos
3620,neg
3621,pos
3622,pos
3623,neg
3624,pos
3625,neg
3626,pos
3627,neg
3628,neg
3629,pos
3630,neg
3631,pos
3632,pos
3633,pos
3634,pos
3635,neg
3636,neg
3637,pos
3638,neg
3639,neg
3640,pos
3641,neg
3642,neg
3643,pos
3644,pos
3645,neg
3646,neg
3647,neg
3648,pos
3649,pos
3650,pos
3651,pos
3652,pos
3653,pos
3654,neg
3655,pos
3656,pos
3657,neg
3658,pos
3659,pos
3660,pos
3661,pos
3662,pos
3663,neg
3664,pos
3665,neg
3666,neg
3667,pos
3668,neg
3669,neg
3670,pos
3671,pos
3672,pos
3673,neg
3674,neg
3675,pos
3676,pos
3677,neg
3678,neg
3679,pos
3680,neg
3681,neg
3682,pos
3683,pos
3684,pos
3685,neg
3686,neg
3687,neg
3688,pos
3689,neg
3690,neg
3691,neg
3692,pos
3693,neg
3694,neg
3695,neg
3696,pos
3697,pos
3698,neg
3699,pos
3700,pos
3701,pos
3702,pos
3703,pos
3704,pos
3705,neg
3706,pos
3707,pos
3708,pos
3709,pos
3710,neg
3711,pos
3712,neg
3713,pos
3714,neg
3715,pos
3716,neg
3717,neg
3718,pos
3719,neg
3720,pos
3721,pos
3722,neg
3723,pos
3724,neg
3725,neg
3726,pos
3727,pos
3728,pos
3729,pos
3730,pos
3731,neg
3732,pos
3733,pos
3734,neg
3735,pos
3736,neg
3737,neg
3738,neg
3739,pos
3740,neg
3741,neg
3742,pos
3743,neg
3744,pos
3745,pos
3746,neg
3747,neg
3748,neg
3749,neg
3750,pos
3751,pos
3752,neg
3753,pos
3754,pos
3755,pos
3756,neg
3757,neg
3758,neg
3759,neg
3760,neg
3761,pos
3762,neg
3763,pos
3764,neg
3765,neg
3766,neg
3767,neg
3768,neg
3769,pos
3770,neg
3771,pos
3772,neg
3773,neg
3774,pos
3775,pos
3776,neg
3777,pos
3778,pos
3779,pos
3780,neg
3781,neg
3782,neg
3783,pos
3784,pos
3785,pos
3786,pos
3787,pos
3788,neg
3789,neg
3790,pos
3791,neg
3792,pos
3793,pos
3794,pos
3795,pos
3796,pos
3797,pos
3798,pos
3799,neg
3800,pos
3801,neg
3802,neg
3803,neg
3804,neg
3805,neg
3806,neg
3807,neg
3808,neg
3809,pos
3810,neg
3811,pos
3812,neg
3813,pos
3814,neg
3815,pos
3816,pos
3817,pos
3818,pos
3819,pos
3820,neg
3821,neg
3822,neg
3823,neg
3824,neg
3825,neg
3826,neg
3827,pos
3828,pos
3829,neg
3830,neg
3831,pos
3832,neg
3833,neg
3834,neg
3835,neg
3836,pos
3837,pos
3838,neg
3839,pos
3840,pos
3841,neg
3842,pos
3843,pos
3844,neg
3845,pos
3846,pos
3847,neg
3848,neg
3849,pos
3850,neg
3851,pos
3852,pos
3853,neg
3854,pos
3855,pos
3856,pos
3857,neg
3858,pos
3859,pos
3860,pos
3861,pos
3862,neg
3863,pos
3864,neg
3865,pos
3866,neg
3867,neg
3868,pos
3869,neg
3870,pos
3871,pos
3872,neg
3873,pos
3874,pos
3875,pos
3876,neg
3877,neg
3878,pos
3879,pos
3880,neg
3881,neg
3882,neg
3883,pos
3884,neg
3885,neg
3886,neg
3887,pos
3888,neg
3889,pos
3890,neg
3891,pos
3892,pos
3893,pos
3894,pos
3895,neg
3896,pos
3897,neg
3898,pos
3899,pos
3900,pos
3901,pos
3902,pos
3903,pos
3904,pos
3905,neg
3906,pos
3907,pos
3908,neg
3909,neg
3910,pos
3911,pos
3912,pos
3913,neg
3914,pos
3915,neg
3916,pos
3917,pos
3918,pos
3919,pos
3920,pos
3921,pos
3922,pos
3923,neg
3924,pos
3925,pos
3926,neg
3927,pos
3928,neg
3929,neg
3930,pos
3931,pos
3932,neg
3933,neg
3934,pos
3935,pos
3936,neg
3937,pos
3938,pos
3939,neg
3940,neg
3941,pos
3942,neg
3943,neg
3944,neg
3945,neg
3946,pos
3947,neg
3948,neg
3949,pos
3950,pos
3951,pos
3952,pos
3953,neg
3954,pos
3955,pos
3956,neg
3957,pos
3958,pos
3959,pos
3960,pos
3961,pos
3962,neg
3963,pos
3964,pos
3965,neg
3966,neg
3967,pos
3968,pos
3969,pos
3970,pos
3971,neg
3972,pos
3973,neg
3974,pos
3975,pos
3976,neg
3977,pos
3978,pos
3979,pos
3980,neg
3981,neg
3982,pos
3983,neg
3984,neg
3985,neg
3986,pos
3987,neg
3988,neg
3989,neg
3990,neg
3991,neg
3992,pos
3993,pos
3994,neg
3995,neg
3996,pos
3997,neg
3998,pos
3999,pos
4000,pos
4001,pos
4002,pos
4003,pos
4004,neg
4005,neg
4006,neg
4007,pos
4008,neg
4009,neg
4010,neg
4011,neg
4012,neg
4013,neg
4014,pos
4015,pos
4016,neg
4017,neg
4018,pos
4019,pos
4020,pos
4021,neg
4022,neg
4023,neg
4024,pos
4025,pos
4026,pos
4027,neg
4028,neg
4029,neg
4030,neg
4031,pos
4032,pos
4033,neg
4034,neg
4035,pos
4036,pos
4037,pos
4038,neg
4039,pos
4040,pos
4041,neg
4042,neg
4043,neg
4044,neg
4045,neg
4046,neg
4047,neg
4048,pos
4049,neg
4050,pos
4051,neg
4052,pos
4053,neg
4054,pos
4055,pos
4056,pos
4057,neg
4058,neg
4059,pos
4060,pos
4061,neg
4062,pos
4063,pos
4064,neg
4065,neg
4066,neg
4067,pos
4068,neg
4069,neg
4070,pos
4071,neg
4072,pos
4073,neg
4074,neg
4075,pos
4076,pos
4077,neg
4078,neg
4079,pos
4080,neg
4081,neg
4082,neg
4083,pos
4084,neg
4085,neg
4086,pos
4087,pos
4088,pos
4089,pos
4090,pos
4091,neg
4092,neg
4093,neg
4094,neg
4095,pos
4096,neg
4097,pos
4098,neg
4099,pos
4100,neg
4101,pos
4102,pos
4103,pos
4104,neg
4105,neg
4106,pos
4107,pos
4108,pos
4109,neg
4110,neg
4111,neg
4112,pos
4113,pos
4114,neg
4115,pos
4116,pos
4117,pos
4118,pos
4119,pos
4120,neg
4121,pos
4122,pos
4123,neg
4124,pos
4125,neg
4126,neg
4127,neg
4128,pos
4129,neg
4130,pos
4131,pos
4132,neg
4133,pos
4134,neg
4135,neg
4136,pos
4137,pos
4138,neg
4139,pos
4140,neg
4141,pos
4142,pos
4143,pos
4144,pos
4145,neg
4146,neg
4147,pos
4148,neg
4149,pos
4150,neg
4151,pos
4152,neg
4153,neg
4154,pos
4155,neg
4156,neg
4157,neg
4158,neg
4159,pos
4160,pos
4161,neg
4162,pos
4163,pos
4164,pos
4165,neg
4166,neg
4167,neg
4168,pos
4169,neg
4170,pos
4171,neg
4172,neg
4173,neg
4174,neg
4175,pos
4176,pos
4177,pos
4178,neg
4179,neg
4180,pos
4181,neg
4182,pos
4183,pos
4184,neg
4185,neg
4186,neg
4187,neg
4188,pos
4189,neg
4190,pos
4191,pos
4192,pos
4193,neg
4194,pos
4195,pos
4196,neg
4197,pos
4198,neg
4199,pos
4200,neg
4201,pos
4202,pos
4203,pos
4204,pos
4205,pos
4206,pos
4207,neg
4208,neg
4209,pos
4210,neg
4211,neg
4212,pos
4213,pos
4214,pos
4215,neg
4216,pos
4217,pos
4218,neg
4219,pos
4220,pos
4221,pos
4222,neg
4223,neg
4224,neg
4225,neg
4226,pos
4227,pos
4228,neg
4229,neg
4230,neg
4231,pos
4232,neg
4233,neg
4234,neg
4235,pos
4236,pos
4237,neg
4238,neg
4239,neg
4240,pos
4241,pos
4242,pos
4243,pos
4244,neg
4245,pos
4246,neg
4247,neg
4248,neg
4249,neg
4250,pos
4251,pos
4252,neg
4253,neg
4254,pos
4255,pos
4256,pos
4257,pos
4258,pos
4259,neg
4260,neg
4261,pos
4262,neg
4263,pos
4264,pos
4265,pos
4266,neg
4267,neg
4268,pos
4269,neg
4270,neg
4271,pos
4272,neg
4273,neg
4274,neg
4275,pos
4276,neg
4277,pos
4278,neg
4279,neg
4280,pos
4281,pos
4282,pos
4283,pos
4284,pos
4285,pos
4286,pos
4287,pos
4288,pos
4289,pos
4290,neg
4291,neg
4292,pos
4293,neg
4294,pos
4295,pos
4296,pos
4297,neg
4298,neg
4299,pos
4300,neg
4301,neg
4302,neg
4303,neg
4304,neg
4305,neg
4306,pos
4307,neg
4308,pos
4309,pos
4310,pos
4311,pos
4312,neg
4313,pos
4314,neg
4315,neg
4316,pos
4317,neg
4318,neg
4319,pos
4320,neg
4321,pos
4322,pos
4323,pos
4324,neg
4325,pos
4326,neg
4327,neg
4328,neg
4329,pos
4330,pos
4331,neg
4332,pos
4333,neg
4334,neg
4335,neg
4336,pos
4337,pos
4338,pos
4339,pos
4340,pos
4341,pos
4342,pos
4343,pos
4344,neg
4345,neg
4346,pos
4347,pos
4348,neg
4349,pos
4350,neg
4351,neg
4352,pos
4353,pos
4354,pos
4355,pos
4356,pos
4357,neg
4358,pos
4359,neg
4360,neg
4361,pos
4362,pos
4363,pos
4364,neg
4365,neg
4366,neg
4367,neg
4368,neg
4369,pos
4370,pos
4371,pos
4372,pos
4373,pos
4374,neg
4375,neg
4376,pos
4377,neg
4378,neg
4379,neg
4380,pos
4381,neg
4382,neg
4383,pos
4384,pos
4385,neg
4386,neg
4387,pos
4388,pos
4389,pos
4390,neg
4391,neg
4392,neg
4393,pos
4394,pos
4395,neg
4396,pos
4397,pos
4398,neg
4399,pos
4400,pos
4401,pos
4402,pos
4403,pos
4404,pos
4405,pos
4406,neg
4407,neg
4408,pos
4409,pos
4410,neg
4411,pos
4412,pos
4413,neg
4414,neg
4415,neg
4416,pos
4417,neg
4418,neg
4419,neg
4420,neg
4421,pos
4422,pos
4423,pos
4424,neg
4425,pos
4426,pos
4427,pos
4428,pos
4429,pos
4430,pos
4431,pos
4432,pos
4433,neg
4434,pos
4435,neg
4436,neg
4437,pos
4438,neg
4439,neg
4440,pos
4441,neg
4442,neg
4443,pos
4444,pos
4445,pos
4446,neg
4447,neg
4448,pos
4449,pos
4450,neg
4451,pos
4452,pos
4453,pos
4454,pos
4455,neg
4456,pos
4457,pos
4458,neg
4459,neg
4460,pos
4461,neg
4462,neg
4463,pos
4464,pos
4465,neg
4466,pos
4467,neg
4468,neg
4469,pos
4470,pos
4471,neg
4472,neg
4473,pos
4474,pos
4475,neg
4476,pos
4477,neg
4478,pos
4479,neg
4480,neg
4481,neg
4482,neg
4483,neg
4484,neg
4485,neg
4486,pos
4487,neg
4488,neg
4489,pos
4490,neg
4491,pos
4492,neg
4493,neg
4494,neg
4495,pos
4496,pos
4497,pos
4498,pos
4499,neg
4500,pos
4501,pos
4502,neg
4503,pos
4504,neg
4505,neg
4506,neg
4507,pos
4508,neg
4509,pos
4510,pos
4511,neg
4512,neg
4513,neg
4514,pos
4515,pos
4516,pos
4517,neg
4518,neg
4519,pos
4520,pos
4521,pos
4522,pos
4523,pos
4524,neg
4525,neg
4526,pos
4527,neg
4528,neg
4529,pos
4530,neg
4531,pos
4532,pos
4533,pos
4534,neg
4535,pos
4536,pos
4537,neg
4538,pos
4539,pos
4540,pos
4541,neg
4542,neg
4543,neg
4544,pos
4545,pos
4546,pos
4547,pos
4548,pos
4549,neg
4550,pos
4551,pos
4552,pos
4553,pos
4554,pos
4555,pos
4556,neg
4557,neg
4558,neg
4559,neg
4560,pos
4561,neg
4562,neg
4563,neg
4564,neg
4565,pos
4566,neg
4567,pos
4568,pos
4569,neg
4570,neg
4571,neg
4572,neg
4573,neg
4574,pos
4575,pos
4576,neg
4577,neg
4578,pos
4579,neg
4580,neg
4581,neg
4582,pos
4583,neg
4584,pos
4585,pos
4586,neg
4587,neg
4588,neg
4589,neg
4590,neg
4591,neg
4592,pos
4593,pos
4594,pos
4595,pos
4596,neg
4597,neg
4598,pos
4599,pos
4600,pos
4601,neg
4602,neg
4603,pos
4604,pos
4605,pos
4606,pos
4607,neg
4608,pos
4609,pos
4610,neg
4611,pos
4612,neg
4613,pos
4614,neg
4615,neg
4616,pos
4617,pos
4618,neg
4619,neg
4620,pos
4621,pos
4622,neg
4623,pos
4624,pos
4625,neg
4626,neg
4627,neg
4628,pos
4629,pos
4630,pos
4631,neg
4632,pos
4633,pos
4634,pos
4635,pos
4636,pos
4637,neg
4638,neg
4639,neg
4640,neg
4641,pos
4642,pos
4643,pos
4644,pos
4645,pos
4646,pos
4647,neg
4648,neg
4649,neg
4650,pos
4651,neg
4652,neg
4653,pos
4654,neg
4655,neg
4656,neg
4657,pos
4658,pos
4659,pos
4660,neg
4661,pos
4662,neg
4663,pos
4664,pos
4665,neg
4666,neg
4667,neg
4668,neg
4669,pos
4670,pos
4671,neg
4672,neg
4673,pos
4674,pos
4675,pos
4676,neg
4677,pos
4678,neg
4679,pos
4680,pos
4681,pos
4682,neg
4683,neg
4684,neg
4685,neg
4686,neg
4687,pos
4688,neg
4689,neg
4690,neg
4691,pos
4692,pos
4693,pos
4694,pos
4695,pos
4696,pos
4697,pos
4698,pos
4699,neg
4700,neg
4701,neg
4702,neg
4703,pos
4704,neg
4705,neg
4706,pos
4707,neg
4708,pos
4709,pos
4710,neg
4711,neg
4712,neg
4713,neg
4714,pos
4715,neg
4716,neg
4717,pos
4718,pos
4719,pos
4720,pos
4721,pos
4722,neg
4723,neg
4724,neg
4725,pos
4726,pos
4727,pos
4728,pos
4729,neg
4730,pos
4731,pos
4732,pos
4733,pos
4734,pos
4735,neg
4736,pos
4737,neg
4738,pos
4739,pos
4740,neg
4741,neg
4742,neg
4743,neg
4744,neg
4745,pos
4746,neg
4747,pos
4748,neg
4749,neg
4750,pos
4751,pos
4752,pos
4753,pos
4754,neg
4755,neg
4756,neg
4757,pos
4758,pos
4759,neg
4760,pos
4761,pos
4762,pos
4763,neg
4764,neg
4765,neg
4766,neg
4767,neg
4768,neg
4769,neg
4770,neg
4771,neg
4772,pos
4773,neg
4774,pos
4775,neg
4776,neg
4777,neg
4778,neg
4779,neg
4780,neg
4781,neg
4782,neg
4783,pos
4784,neg
4785,pos
4786,pos
4787,neg
4788,pos
4789,neg
4790,neg
4791,neg
4792,neg
4793,neg
4794,pos
4795,pos
4796,neg
4797,neg
4798,pos
4799,neg
4800,neg
4801,neg
4802,neg
4803,neg
4804,neg
4805,pos
4806,neg
4807,pos
4808,neg
4809,neg
4810,neg
4811,pos
4812,neg
4813,pos
4814,pos
4815,pos
4816,neg
4817,neg
4818,neg
4819,pos
4820,neg
4821,pos
4822,pos
4823,neg
4824,neg
4825,neg
4826,neg
4827,neg
4828,neg
4829,neg
4830,neg
4831,pos
4832,neg
4833,pos
4834,pos
4835,pos
4836,neg
4837,pos
4838,neg
4839,pos
4840,pos
4841,neg
4842,pos
4843,pos
4844,pos
4845,neg
4846,neg
4847,neg
4848,pos
4849,neg
4850,pos
4851,neg
4852,pos
4853,neg
4854,pos
4855,neg
4856,pos
4857,pos
4858,pos
4859,neg
4860,pos
4861,neg
4862,neg
4863,pos
4864,pos
4865,pos
4866,pos
4867,neg
4868,pos
4869,pos
4870,pos
4871,neg
4872,neg
4873,pos
4874,pos
4875,pos
4876,neg
4877,neg
4878,pos
4879,neg
4880,pos
4881,pos
4882,neg
4883,neg
4884,pos
4885,pos
4886,pos
4887,pos
4888,pos
4889,neg
4890,pos
4891,neg
4892,pos
4893,pos
4894,neg
4895,neg
4896,neg
4897,pos
4898,pos
4899,pos
4900,pos
4901,pos
4902,neg
4903,neg
4904,neg
4905,pos
4906,pos
4907,neg
4908,pos
4909,pos
4910,neg
4911,pos
4912,neg
4913,pos
4914,pos
4915,pos
4916,neg
4917,pos
4918,neg
4919,pos
4920,pos
4921,neg
4922,neg
4923,pos
4924,pos
4925,pos
4926,neg
4927,pos
4928,neg
4929,pos
4930,pos
4931,neg
4932,neg
4933,neg
4934,neg
4935,neg
4936,pos
4937,neg
4938,neg
4939,pos
4940,pos
4941,neg
4942,neg
4943,neg
4944,neg
4945,neg
4946,pos
4947,pos
4948,pos
4949,neg
4950,neg
4951,neg
4952,neg
4953,pos
4954,neg
4955,neg
4956,pos
4957,neg
4958,neg
4959,pos
4960,neg
4961,neg
4962,pos
4963,neg
4964,pos
4965,pos
4966,pos
4967,pos
4968,pos
4969,pos
4970,pos
4971,pos
4972,pos
4973,pos
4974,pos
4975,pos
4976,pos
4977,pos
4978,neg
4979,neg
4980,pos
4981,pos
4982,pos
4983,pos
4984,pos
4985,neg
4986,neg
4987,neg
4988,neg
4989,pos
4990,pos
4991,neg
4992,neg
4993,neg
4994,pos
4995,pos
4996,pos
4997,neg
4998,neg
4999,neg
5000,neg
5001,neg
5002,neg
5003,pos
5004,pos
5005,pos
5006,pos
5007,pos
5008,neg
5009,pos
5010,pos
5011,pos
5012,neg
5013,pos
5014,pos
5015,pos
5016,pos
5017,neg
5018,neg
5019,neg
5020,neg
5021,neg
5022,neg
5023,neg
5024,neg
5025,neg
5026,pos
5027,pos
5028,pos
5029,pos
5030,pos
5031,pos
5032,pos
5033,pos
5034,pos
5035,neg
5036,neg
5037,pos
5038,neg
5039,pos
5040,neg
5041,pos
5042,neg
5043,neg
5044,neg
5045,pos
5046,neg
5047,pos
5048,pos
5049,pos
5050,pos
5051,neg
5052,pos
5053,pos
5054,neg
5055,neg
5056,pos
5057,neg
5058,neg
5059,pos
5060,neg
5061,neg
5062,pos
5063,pos
5064,pos
5065,pos
5066,neg
5067,neg
5068,pos
5069,neg
5070,neg
5071,pos
5072,neg
5073,pos
5074,pos
5075,neg
5076,neg
5077,neg
5078,pos
5079,pos
5080,neg
5081,pos
5082,neg
5083,neg
5084,neg
5085,neg
5086,pos
5087,pos
5088,pos
5089,pos
5090,pos
5091,pos
5092,neg
5093,pos
5094,neg
5095,pos
5096,neg
5097,neg
5098,pos
5099,neg
5100,neg
5101,neg
5102,pos
5103,pos
5104,pos
5105,neg
5106,neg
5107,neg
5108,neg
5109,neg
5110,pos
5111,neg
5112,pos
5113,pos
5114,pos
5115,pos
5116,neg
5117,pos
5118,neg
5119,neg
5120,neg
5121,neg
5122,neg
5123,neg
5124,neg
5125,neg
5126,pos
5127,pos
5128,pos
5129,pos
5130,pos
5131,pos
5132,neg
5133,neg
5134,pos
5135,neg
5136,neg
5137,pos
5138,pos
5139,neg
5140,pos
5141,neg
5142,neg
5143,pos
5144,pos
5145,neg
5146,pos
5147,pos
5148,pos
5149,neg
5150,neg
5151,pos
5152,pos
5153,pos
5154,pos
5155,neg
5156,neg
5157,neg
5158,neg
5159,pos
5160,neg
5161,neg
5162,neg
5163,pos
5164,pos
5165,pos
5166,neg
5167,pos
5168,pos
5169,neg
5170,neg
5171,neg
5172,neg
5173,neg
5174,pos
5175,pos
5176,neg
5177,pos
5178,neg
5179,pos
5180,neg
5181,pos
5182,neg
5183,pos
5184,pos
5185,pos
5186,neg
5187,neg
5188,pos
5189,neg
5190,neg
5191,pos
5192,pos
5193,neg
5194,neg
5195,neg
5196,pos
5197,pos
5198,pos
5199,neg
5200,pos
5201,pos
5202,pos
5203,pos
5204,pos
5205,pos
5206,neg
5207,neg
5208,neg
5209,neg
5210,neg
5211,neg
5212,pos
5213,pos
5214,pos
5215,pos
5216,neg
5217,neg
5218,neg
5219,neg
5220,neg
5221,pos
5222,pos
5223,pos
5224,neg
5225,neg
5226,neg
5227,pos
5228,neg
5229,neg
5230,pos
5231,pos
5232,neg
5233,neg
5234,neg
5235,neg
5236,neg
5237,neg
5238,neg
5239,pos
5240,neg
5241,neg
5242,neg
5243,pos
5244,neg
5245,neg
5246,pos
5247,pos
5248,pos
5249,pos
5250,neg
5251,pos
5252,neg
5253,neg
5254,pos
5255,neg
5256,pos
5257,neg
5258,pos
5259,neg
5260,pos
5261,neg
5262,neg
5263,pos
5264,neg
5265,neg
5266,pos
5267,neg
5268,pos
5269,neg
5270,pos
5271,neg
5272,neg
5273,pos
5274,pos
5275,pos
5276,neg
5277,neg
5278,neg
5279,neg
5280,pos
5281,pos
5282,neg
5283,neg
5284,pos
5285,pos
5286,neg
5287,neg
5288,neg
5289,pos
5290,pos
5291,neg
5292,neg
5293,pos
5294,neg
5295,pos
5296,neg
5297,neg
5298,neg
5299,neg
5300,neg
5301,pos
5302,pos
5303,pos
5304,pos
5305,pos
5306,neg
5307,pos
5308,pos
5309,neg
5310,pos
5311,pos
5312,neg
5313,pos
5314,neg
5315,pos
5316,neg
5317,neg
5318,neg
5319,pos
5320,pos
5321,pos
5322,neg
5323,pos
5324,neg
5325,neg
5326,neg
5327,neg
5328,neg
5329,pos
5330,neg
5331,pos
5332,neg
5333,pos
5334,neg
5335,neg
5336,pos
5337,pos
5338,neg
5339,neg
5340,neg
5341,neg
5342,neg
5343,neg
5344,neg
5345,neg
5346,pos
5347,neg
5348,neg
5349,pos
5350,neg
5351,neg
5352,pos
5353,neg
5354,pos
5355,neg
5356,neg
5357,pos
5358,neg
5359,neg
5360,neg
5361,neg
5362,neg
5363,neg
5364,neg
5365,pos
5366,pos
5367,pos
5368,pos
5369,pos
5370,neg
5371,neg
5372,neg
5373,neg
5374,pos
5375,neg
5376,neg
5377,neg
5378,neg
5379,neg
5380,neg
5381,neg
5382,neg
5383,pos
5384,pos
5385,pos
5386,pos
5387,pos
5388,pos
5389,pos
5390,pos
5391,neg
5392,pos
5393,neg
5394,neg
5395,neg
5396,neg
5397,neg
5398,pos
5399,neg
5400,neg
5401,pos
5402,neg
5403,neg
5404,neg
5405,neg
5406,pos
5407,pos
5408,neg
5409,pos
5410,neg
5411,pos
5412,neg
5413,neg
5414,neg
5415,pos
5416,pos
5417,neg
5418,pos
5419,pos
5420,neg
5421,neg
5422,pos
5423,neg
5424,pos
5425,pos
5426,pos
5427,pos
5428,pos
5429,pos
5430,pos
5431,neg
5432,pos
5433,neg
5434,pos
5435,pos
5436,neg
5437,pos
5438,neg
5439,pos
5440,neg
5441,neg
5442,neg
5443,neg
5444,pos
5445,neg
5446,pos
5447,neg
5448,neg
5449,pos
5450,neg
5451,neg
5452,neg
5453,pos
5454,pos
5455,pos
5456,pos
5457,neg
5458,pos
5459,pos
5460,neg
5461,pos
5462,neg
5463,neg
5464,pos
5465,pos
5466,neg
5467,neg
5468,neg
5469,neg
5470,neg
5471,neg
5472,neg
5473,pos
5474,pos
5475,neg
5476,pos
5477,neg
5478,pos
5479,neg
5480,neg
5481,neg
5482,neg
5483,neg
5484,pos
5485,neg
5486,pos
5487,pos
5488,pos
5489,neg
5490,neg
5491,pos
5492,neg
5493,pos
5494,pos
5495,neg
5496,pos
5497,neg
5498,neg
5499,pos
5500,neg
5501,pos
5502,neg
5503,pos
5504,pos
5505,neg
5506,neg
5507,neg
5508,pos
5509,pos
5510,neg
5511,pos
5512,pos
5513,pos
5514,pos
5515,pos
5516,neg
5517,pos
5518,pos
5519,neg
5520,neg
5521,neg
5522,pos
5523,neg
5524,pos
5525,pos
5526,pos
5527,pos
5528,pos
5529,neg
5530,neg
5531,neg
5532,pos
5533,neg
5534,pos
5535,neg
5536,neg
5537,pos
5538,neg
5539,pos
5540,neg
5541,neg
5542,neg
5543,pos
5544,pos
5545,neg
5546,neg
5547,pos
5548,neg
5549,pos
5550,pos
5551,pos
5552,neg
5553,pos
5554,neg
5555,neg
5556,pos
5557,neg
5558,pos
5559,neg
5560,pos
5561,pos
5562,pos
5563,neg
5564,pos
5565,neg
5566,pos
5567,pos
5568,neg
5569,pos
5570,pos
5571,neg
5572,pos
5573,neg
5574,pos
5575,pos
5576,neg
5577,neg
5578,pos
5579,neg
5580,pos
5581,neg
5582,pos
5583,pos
5584,neg
5585,neg
5586,pos
5587,pos
5588,neg
5589,pos
5590,pos
5591,pos
5592,pos
5593,pos
5594,neg
5595,pos
5596,neg
5597,pos
5598,neg
5599,neg
5600,neg
5601,pos
5602,pos
5603,neg
5604,neg
5605,pos
5606,neg
5607,neg
5608,neg
5609,neg
5610,neg
5611,neg
5612,neg
5613,pos
5614,pos
5615,pos
5616,pos
5617,pos
5618,pos
5619,pos
5620,pos
5621,neg
5622,pos
5623,pos
5624,neg
5625,neg
5626,neg
5627,neg
5628,neg
5629,neg
5630,neg
5631,pos
5632,neg
5633,neg
5634,pos
5635,pos
5636,neg
5637,neg
5638,neg
5639,pos
5640,pos
5641,pos
5642,neg
5643,pos
5644,pos
5645,pos
5646,neg
5647,pos
5648,neg
5649,neg
5650,neg
5651,pos
5652,pos
5653,neg
5654,neg
5655,pos
5656,neg
5657,pos
5658,neg
5659,neg
5660,pos
5661,neg
5662,neg
5663,pos
5664,neg
5665,neg
5666,neg
5667,neg
5668,neg
5669,pos
5670,neg
5671,neg
5672,pos
5673,pos
5674,neg
5675,neg
5676,pos
5677,pos
5678,neg
5679,neg
5680,pos
5681,pos
5682,pos
5683,neg
5684,neg
5685,pos
5686,pos
5687,pos
5688,neg
5689,neg
5690,pos
5691,neg
5692,neg
5693,pos
5694,pos
5695,neg
5696,neg
5697,neg
5698,pos
5699,pos
5700,neg
5701,neg
5702,neg
5703,pos
5704,neg
5705,pos
5706,pos
5707,pos
5708,neg
5709,pos
5710,neg
5711,pos
5712,neg
5713,neg
5714,neg
5715,neg
5716,pos
5717,neg
5718,neg
5719,neg
5720,pos
5721,pos
5722,neg
5723,neg
5724,neg
5725,pos
5726,neg
5727,pos
5728,neg
5729,pos
5730,neg
5731,pos
5732,neg
5733,pos
5734,pos
5735,pos
5736,pos
5737,neg
5738,neg
5739,pos
5740,pos
5741,pos
5742,neg
5743,pos
5744,pos
5745,neg
5746,neg
5747,pos
5748,neg
5749,pos
5750,neg
5751,neg
5752,pos
5753,pos
5754,neg
5755,neg
5756,neg
5757,neg
5758,pos
5759,neg
5760,pos
5761,neg
5762,pos
5763,neg
5764,neg
5765,pos
5766,pos
5767,pos
5768,neg
5769,pos
5770,neg
5771,neg
5772,neg
5773,pos
5774,pos
5775,neg
5776,neg
5777,pos
5778,pos
5779,pos
5780,pos
5781,pos
5782,neg
5783,neg
5784,neg
5785,neg
5786,neg
5787,pos
5788,neg
5789,pos
5790,neg
5791,neg
5792,pos
5793,neg
5794,pos
5795,neg
5796,pos
5797,pos
5798,pos
5799,pos
5800,neg
5801,pos
5802,neg
5803,pos
5804,neg
5805,pos
5806,neg
5807,neg
5808,pos
5809,neg
5810,pos
5811,pos
5812,neg
5813,pos
5814,neg
5815,pos
5816,pos
5817,neg
5818,neg
5819,neg
5820,neg
5821,neg
5822,pos
5823,pos
5824,pos
5825,neg
5826,pos
5827,neg
5828,pos
5829,pos
5830,pos
5831,pos
5832,pos
5833,neg
5834,pos
5835,neg
5836,pos
5837,neg
5838,neg
5839,pos
5840,pos
5841,pos
5842,pos
5843,neg
5844,neg
5845,neg
5846,neg
5847,pos
5848,neg
5849,neg
5850,neg
5851,pos
5852,pos
5853,neg
5854,neg
5855,neg
5856,neg
5857,pos
5858,pos
5859,neg
5860,pos
5861,pos
5862,pos
5863,pos
5864,pos
5865,neg
5866,pos
5867,neg
5868,pos
5869,neg
5870,neg
5871,pos
5872,pos
5873,neg
5874,neg
5875,neg
5876,pos
5877,pos
5878,pos
5879,neg
5880,neg
5881,pos
5882,neg
5883,neg
5884,pos
5885,neg
5886,pos
5887,pos
5888,neg
5889,pos
5890,pos
5891,pos
5892,neg
5893,pos
5894,pos
5895,pos
5896,pos
5897,pos
5898,pos
5899,pos
5900,pos
5901,pos
5902,neg
5903,neg
5904,pos
5905,pos
5906,pos
5907,neg
5908,neg
5909,pos
5910,neg
5911,neg
5912,pos
5913,neg
5914,pos
5915,pos
5916,neg
5917,pos
5918,pos
5919,pos
5920,neg
5921,pos
5922,pos
5923,neg
5924,neg
5925,pos
5926,pos
5927,neg
5928,pos
5929,neg
5930,pos
5931,neg
5932,neg
5933,pos
5934,pos
5935,neg
5936,pos
5937,pos
5938,neg
5939,neg
5940,neg
5941,neg
5942,neg
5943,neg
5944,neg
5945,neg
5946,neg
5947,neg
5948,neg
5949,pos
5950,neg
5951,pos
5952,pos
5953,neg
5954,pos
5955,pos
5956,pos
5957,neg
5958,pos
5959,pos
5960,neg
5961,neg
5962,pos
5963,neg
5964,neg
5965,neg
5966,pos
5967,pos
5968,pos
5969,pos
5970,neg
5971,pos
5972,neg
5973,pos
5974,pos
5975,pos
5976,neg
5977,pos
5978,pos
5979,neg
5980,neg
5981,pos
5982,neg
5983,neg
5984,neg
5985,pos
5986,pos
5987,pos
5988,neg
5989,pos
5990,neg
5991,pos
5992,neg
5993,pos
5994,pos
5995,pos
5996,pos
5997,neg
5998,pos
5999,neg
6000,neg
6001,neg
6002,pos
6003,neg
6004,neg
6005,neg
6006,pos
6007,neg
6008,neg
6009,neg
6010,neg
6011,pos
6012,pos
6013,neg
6014,neg
6015,neg
6016,pos
6017,neg
6018,neg
6019,pos
6020,neg
6021,neg
6022,pos
6023,pos
6024,pos
6025,neg
6026,pos
6027,neg
6028,pos
6029,pos
6030,pos
6031,pos
6032,neg
6033,neg
6034,pos
6035,neg
6036,neg
6037,pos
6038,pos
6039,neg
6040,neg
6041,pos
6042,pos
6043,neg
6044,neg
6045,neg
6046,pos
6047,neg
6048,neg
6049,neg
6050,pos
6051,pos
6052,pos
6053,pos
6054,pos
6055,pos
6056,pos
6057,neg
6058,neg
6059,pos
6060,neg
6061,pos
6062,pos
6063,pos
6064,pos
6065,pos
6066,pos
6067,pos
6068,neg
6069,pos
6070,pos
6071,pos
6072,pos
6073,pos
6074,neg
6075,neg
6076,neg
6077,pos
6078,pos
6079,neg
6080,neg
6081,pos
6082,neg
6083,pos
6084,neg
6085,pos
6086,neg
6087,neg
6088,neg
6089,pos
6090,pos
6091,pos
6092,pos
6093,pos
6094,neg
6095,pos
6096,pos
6097,pos
6098,neg
6099,pos
6100,pos
6101,neg
6102,pos
6103,pos
6104,neg
6105,pos
6106,neg
6107,neg
6108,neg
6109,pos
6110,pos
6111,pos
6112,neg
6113,pos
6114,pos
6115,neg
6116,neg
6117,neg
6118,pos
6119,neg
6120,pos
6121,pos
6122,neg
6123,pos
6124,neg
6125,pos
6126,neg
6127,neg
6128,pos
6129,pos
6130,pos
6131,pos
6132,pos
6133,pos
6134,pos
6135,pos
6136,neg
6137,pos
6138,neg
6139,pos
6140,pos
6141,pos
6142,pos
6143,neg
6144,pos
6145,pos
6146,neg
6147,pos
6148,neg
6149,pos
6150,neg
6151,neg
6152,neg
6153,pos
6154,neg
6155,neg
6156,neg
6157,neg
6158,pos
6159,pos
6160,neg
6161,pos
6162,neg
6163,pos
6164,neg
6165,neg
6166,pos
6167,pos
6168,pos
6169,neg
6170,pos
6171,neg
6172,pos
6173,neg
6174,neg
6175,pos
6176,neg
6177,pos
6178,pos
6179,pos
6180,neg
6181,neg
6182,pos
6183,neg
6184,pos
6185,pos
6186,neg
6187,neg
6188,neg
6189,neg
6190,pos
6191,pos
6192,pos
6193,neg
6194,neg
6195,neg
6196,neg
6197,neg
6198,pos
6199,neg
6200,pos
6201,neg
6202,neg
6203,neg
6204,neg
6205,neg
6206,neg
6207,pos
6208,neg
6209,neg
6210,neg
6211,neg
6212,pos
6213,pos
6214,neg
6215,pos
6216,neg
6217,pos
6218,pos
6219,neg
6220,pos
6221,neg
6222,pos
6223,neg
6224,neg
6225,pos
6226,neg
6227,neg
6228,pos
6229,neg
6230,neg
6231,pos
6232,pos
6233,pos
6234,pos
6235,pos
6236,pos
6237,pos
6238,neg
6239,neg
6240,pos
6241,pos
6242,neg
6243,pos
6244,pos
6245,neg
6246,neg
6247,pos
6248,pos
6249,pos
6250,pos
6251,neg
6252,pos
6253,neg
6254,neg
6255,neg
6256,neg
6257,neg
6258,neg
6259,neg
6260,neg
6261,neg
6262,pos
6263,pos
6264,neg
6265,neg
6266,neg
6267,pos
6268,neg
6269,pos
6270,pos
6271,pos
6272,neg
6273,pos
6274,pos
6275,pos
6276,pos
6277,neg
6278,neg
6279,neg
6280,neg
6281,pos
6282,neg
6283,pos
6284,pos
6285,neg
6286,pos
6287,neg
6288,pos
6289,pos
6290,pos
6291,neg
6292,pos
6293,pos
6294,neg
6295,pos
6296,neg
6297,neg
6298,neg
6299,pos
6300,pos
6301,pos
6302,pos
6303,pos
6304,pos
6305,pos
6306,pos
6307,neg
6308,pos
6309,pos
6310,neg
6311,pos
6312,pos
6313,neg
6314,neg
6315,neg
6316,pos
6317,pos
6318,pos
6319,pos
6320,pos
6321,neg
6322,pos
6323,neg
6324,neg
6325,neg
6326,neg
6327,pos
6328,pos
6329,pos
6330,pos
6331,neg
6332,neg
6333,neg
6334,pos
6335,neg
6336,pos
6337,pos
6338,neg
6339,neg
6340,neg
6341,neg
6342,pos
6343,pos
6344,pos
6345,pos
6346,neg
6347,neg
6348,pos
6349,pos
6350,neg
6351,neg
6352,pos
6353,pos
6354,neg
6355,pos
6356,neg
6357,neg
6358,pos
6359,neg
6360,pos
6361,pos
6362,neg
6363,neg
6364,pos
6365,neg
6366,pos
6367,neg
6368,neg
6369,neg
6370,pos
6371,neg
6372,pos
6373,neg
6374,pos
6375,neg
6376,pos
6377,pos
6378,pos
6379,pos
6380,neg
6381,pos
6382,neg
6383,neg
6384,pos
6385,neg
6386,pos
6387,pos
6388,pos
6389,neg
6390,pos
6391,pos
6392,pos
6393,neg
6394,neg
6395,neg
6396,pos
6397,pos
6398,pos
6399,neg
6400,pos
6401,neg
6402,neg
6403,pos
6404,pos
6405,pos
6406,neg
6407,neg
6408,neg
6409,pos
6410,pos
6411,pos
6412,pos
6413,neg
6414,neg
6415,pos
6416,pos
6417,neg
6418,neg
6419,neg
6420,pos
6421,pos
6422,pos
6423,neg
6424,neg
6425,pos
6426,neg
6427,neg
6428,neg
6429,pos
6430,neg
6431,neg
6432,pos
6433,neg
6434,neg
6435,pos
6436,neg
6437,pos
6438,pos
6439,pos
6440,pos
6441,pos
6442,neg
6443,pos
6444,neg
6445,pos
6446,pos
6447,neg
6448,neg
6449,neg
6450,pos
6451,pos
6452,pos
6453,pos
6454,pos
6455,pos
6456,neg
6457,pos
6458,pos
6459,neg
6460,pos
6461,pos
6462,neg
6463,neg
6464,pos
6465,neg
6466,neg
6467,neg
6468,neg
6469,neg
6470,pos
6471,pos
6472,neg
6473,neg
6474,neg
6475,neg
6476,neg
6477,pos
6478,pos
6479,neg
6480,pos
6481,pos
6482,neg
6483,neg
6484,neg
6485,pos
6486,pos
6487,pos
6488,pos
6489,pos
6490,pos
6491,neg
6492,pos
6493,pos
6494,pos
6495,neg
6496,neg
6497,pos
6498,pos
6499,pos
6500,pos
6501,neg
6502,neg
6503,pos
6504,pos
6505,pos
6506,neg
6507,pos
6508,neg
6509,neg
6510,neg
6511,pos
6512,neg
6513,pos
6514,neg
6515,neg
6516,neg
6517,neg
6518,pos
6519,pos
6520,neg
6521,neg
6522,neg
6523,neg
6524,neg
6525,neg
6526,pos
6527,pos
6528,neg
6529,pos
6530,neg
6531,neg
6532,pos
6533,neg
6534,pos
6535,pos
6536,pos
6537,pos
6538,neg
6539,pos
6540,pos
6541,pos
6542,pos
6543,neg
6544,pos
6545,neg
6546,pos
6547,neg
6548,pos
6549,neg
6550,pos
6551,pos
6552,pos
6553,neg
6554,neg
6555,neg
6556,neg
6557,pos
6558,pos
6559,neg
6560,pos
6561,neg
6562,pos
6563,pos
6564,pos
6565,pos
6566,pos
6567,neg
6568,neg
6569,pos
6570,neg
6571,pos
6572,pos
6573,pos
6574,neg
6575,neg
6576,pos
6577,pos
6578,pos
6579,neg
6580,neg
6581,pos
6582,pos
6583,neg
6584,neg
6585,neg
6586,pos
6587,pos
6588,neg
6589,neg
6590,neg
6591,pos
6592,neg
6593,pos
6594,pos
6595,pos
6596,pos
6597,neg
6598,neg
6599,neg
6600,pos
6601,pos
6602,neg
6603,pos
6604,neg
6605,neg
6606,neg
6607,neg
6608,neg
6609,pos
6610,pos
6611,neg
6612,pos
6613,pos
6614,pos
6615,pos
6616,neg
6617,pos
6618,neg
6619,pos
6620,pos
6621,neg
6622,neg
6623,pos
6624,pos
6625,pos
6626,neg
6627,neg
6628,pos
6629,pos
6630,neg
6631,pos
6632,neg
6633,pos
6634,pos
6635,neg
6636,neg
6637,neg
6638,neg
6639,neg
6640,pos
6641,neg
6642,pos
6643,pos
6644,pos
6645,pos
6646,pos
6647,pos
6648,pos
6649,neg
6650,neg
6651,pos
6652,pos
6653,pos
6654,pos
6655,neg
6656,neg
6657,pos
6658,neg
6659,neg
6660,neg
6661,pos
6662,neg
6663,pos
6664,pos
6665,neg
6666,pos
6667,neg
6668,neg
6669,neg
6670,neg
6671,pos
6672,neg
6673,neg
6674,pos
6675,neg
6676,neg
6677,pos
6678,neg
6679,pos
6680,neg
6681,pos
6682,neg
6683,pos
6684,neg
6685,neg
6686,neg
6687,pos
6688,pos
6689,pos
6690,neg
6691,pos
6692,pos
6693,pos
6694,neg
6695,neg
6696,neg
6697,pos
6698,neg
6699,pos
6700,pos
6701,neg
6702,pos
6703,neg
6704,pos
6705,neg
6706,pos
6707,neg
6708,pos
6709,pos
6710,neg
6711,neg
6712,neg
6713,neg
6714,pos
6715,neg
6716,pos
6717,neg
6718,pos
6719,pos
6720,neg
6721,neg
6722,pos
6723,pos
6724,neg
6725,neg
6726,neg
6727,neg
6728,pos
6729,pos
6730,neg
6731,neg
6732,neg
6733,pos
6734,neg
6735,neg
6736,pos
6737,pos
6738,pos
6739,neg
6740,neg
6741,neg
6742,pos
6743,neg
6744,neg
6745,pos
6746,neg
6747,neg
6748,pos
6749,pos
6750,neg
6751,neg
6752,neg
6753,pos
6754,neg
6755,pos
6756,neg
6757,neg
6758,neg
6759,pos
6760,pos
6761,neg
6762,neg
6763,neg
6764,pos
6765,pos
6766,neg
6767,neg
6768,pos
6769,neg
6770,pos
6771,neg
6772,pos
6773,neg
6774,pos
6775,neg
6776,pos
6777,neg
6778,pos
6779,neg
6780,neg
6781,pos
6782,neg
6783,pos
6784,pos
6785,pos
6786,neg
6787,pos
6788,pos
6789,neg
6790,neg
6791,neg
6792,pos
6793,neg
6794,pos
6795,pos
6796,pos
6797,pos
6798,neg
6799,pos
6800,pos
6801,pos
6802,neg
6803,pos
6804,neg
6805,pos
6806,neg
6807,neg
6808,neg
6809,pos
6810,neg
6811,neg
6812,pos
6813,neg
6814,neg
6815,pos
6816,pos
6817,pos
6818,neg
6819,neg
6820,neg
6821,pos
6822,neg
6823,neg
6824,neg
6825,neg
6826,neg
6827,pos
6828,pos
6829,pos
6830,neg
6831,pos
6832,pos
6833,neg
6834,pos
6835,pos
6836,neg
6837,neg
6838,pos
6839,neg
6840,neg
6841,neg
6842,neg
6843,pos
6844,neg
6845,neg
6846,pos
6847,pos
6848,neg
6849,neg
6850,pos
6851,neg
6852,pos
6853,neg
6854,pos
6855,neg
6856,neg
6857,neg
6858,pos
6859,pos
6860,neg
6861,neg
6862,pos
6863,neg
6864,pos
6865,neg
6866,neg
6867,neg
6868,neg
6869,pos
6870,neg
6871,pos
6872,neg
6873,pos
6874,neg
6875,neg
6876,neg
6877,pos
6878,neg
6879,pos
6880,pos
6881,pos
6882,pos
6883,neg
6884,pos
6885,pos
6886,neg
6887,pos
6888,pos
6889,pos
6890,pos
6891,neg
6892,neg
6893,pos
6894,pos
6895,pos
6896,neg
6897,pos
6898,pos
6899,neg
6900,neg
6901,pos
6902,pos
6903,neg
6904,pos
6905,neg
6906,pos
6907,pos
6908,neg
6909,pos
6910,neg
6911,neg
6912,pos
6913,pos
6914,neg
6915,neg
6916,pos
6917,pos
6918,pos
6919,neg
6920,neg
6921,neg
6922,pos
6923,neg
6924,pos
6925,neg
6926,pos
6927,neg
6928,neg
6929,pos
6930,pos
6931,neg
6932,pos
6933,pos
6934,neg
6935,neg
6936,neg
6937,pos
6938,pos
6939,pos
6940,pos
6941,pos
6942,pos
6943,neg
6944,pos
6945,pos
6946,pos
6947,pos
6948,neg
6949,neg
6950,pos
6951,pos
6952,pos
6953,neg
6954,pos
6955,pos
6956,neg
6957,pos
6958,pos
6959,pos
6960,pos
6961,pos
6962,pos
6963,pos
6964,neg
6965,neg
6966,pos
6967,pos
6968,pos
6969,pos
6970,pos
6971,pos
6972,neg
6973,neg
6974,pos
6975,pos
6976,neg
6977,neg
6978,pos
6979,neg
6980,pos
6981,neg
6982,pos
6983,pos
6984,neg
6985,neg
6986,pos
6987,neg
6988,pos
6989,neg
6990,neg
6991,pos
6992,neg
6993,pos
6994,neg
6995,neg
6996,neg
6997,pos
6998,pos
6999,neg
7000,neg
7001,neg
7002,pos
7003,pos
7004,neg
7005,pos
7006,neg
7007,neg
7008,pos
7009,pos
7010,pos
7011,pos
7012,neg
7013,pos
7014,pos
7015,neg
7016,neg
7017,pos
7018,neg
7019,neg
7020,neg
7021,neg
7022,pos
7023,neg
7024,pos
7025,neg
7026,pos
7027,pos
7028,pos
7029,pos
7030,neg
7031,pos
7032,pos
7033,neg
7034,neg
7035,neg
7036,neg
7037,neg
7038,pos
7039,neg
7040,neg
7041,neg
7042,pos
7043,pos
7044,neg
7045,neg
7046,neg
7047,pos
7048,neg
7049,pos
7050,neg
7051,pos
7052,neg
7053,pos
7054,pos
7055,pos
7056,neg
7057,pos
7058,pos
7059,pos
7060,pos
7061,pos
7062,pos
7063,pos
7064,pos
7065,pos
7066,neg
7067,pos
7068,pos
7069,pos
7070,pos
7071,neg
7072,pos
7073,pos
7074,pos
7075,pos
7076,neg
7077,neg
7078,pos
7079,pos
7080,pos
7081,pos
7082,pos
7083,neg
7084,neg
7085,pos
7086,pos
7087,pos
7088,neg
7089,neg
7090,neg
7091,pos
7092,pos
7093,pos
7094,neg
7095,neg
7096,neg
7097,neg
7098,neg
7099,pos
7100,pos
7101,pos
7102,pos
7103,neg
7104,neg
7105,neg
7106,neg
7107,pos
7108,neg
7109,pos
7110,neg
7111,pos
7112,neg
7113,pos
7114,pos
7115,neg
7116,pos
7117,pos
7118,pos
7119,pos
7120,neg
7121,pos
7122,neg
7123,pos
7124,pos
7125,neg
7126,pos
7127,pos
7128,neg
7129,neg
7130,pos
7131,pos
7132,neg
7133,pos
7134,pos
7135,neg
7136,neg
7137,pos
7138,neg
7139,neg
7140,neg
7141,pos
7142,neg
7143,pos
7144,neg
7145,pos
7146,pos
7147,neg
7148,pos
7149,neg
7150,pos
7151,pos
7152,neg
7153,neg
7154,pos
7155,pos
7156,neg
7157,pos
7158,pos
7159,neg
7160,pos
7161,neg
7162,pos
7163,pos
7164,pos
7165,pos
7166,neg
7167,pos
7168,pos
7169,pos
7170,pos
7171,pos
7172,pos
7173,pos
7174,neg
7175,neg
7176,pos
7177,neg
7178,pos
7179,neg
7180,neg
7181,pos
7182,neg
7183,pos
7184,neg
7185,neg
7186,neg
7187,pos
7188,neg
7189,neg
7190,pos
7191,neg
7192,neg
7193,pos
7194,pos
7195,neg
7196,neg
7197,pos
7198,neg
7199,pos
7200,neg
7201,neg
7202,neg
7203,pos
7204,neg
7205,pos
7206,neg
7207,pos
7208,neg
7209,neg
7210,neg
7211,pos
7212,pos
7213,neg
7214,neg
7215,pos
7216,pos
7217,pos
7218,neg
7219,neg
7220,neg
7221,pos
7222,neg
7223,neg
7224,pos
7225,neg
7226,neg
7227,neg
7228,neg
7229,pos
7230,pos
7231,pos
7232,pos
7233,pos
7234,neg
7235,neg
7236,pos
7237,neg
7238,pos
7239,neg
7240,pos
7241,pos
7242,neg
7243,pos
7244,pos
7245,neg
7246,pos
7247,pos
7248,pos
7249,neg
7250,pos
7251,pos
7252,pos
7253,neg
7254,pos
7255,neg
7256,pos
7257,pos
7258,pos
7259,pos
7260,neg
7261,neg
7262,neg
7263,neg
7264,pos
7265,pos
7266,neg
7267,pos
7268,pos
7269,neg
7270,neg
7271,pos
7272,neg
7273,pos
7274,pos
7275,neg
7276,pos
7277,neg
7278,neg
7279,neg
7280,neg
7281,neg
7282,neg
7283,neg
7284,neg
7285,pos
7286,pos
7287,neg
7288,neg
7289,pos
7290,pos
7291,pos
7292,neg
7293,neg
7294,neg
7295,pos
7296,neg
7297,pos
7298,neg
7299,pos
7300,neg
7301,pos
7302,pos
7303,neg
7304,neg
7305,pos
7306,pos
7307,neg
7308,neg
7309,pos
7310,pos
7311,neg
7312,neg
7313,pos
7314,neg
7315,pos
7316,pos
7317,pos
7318,neg
7319,pos
7320,pos
7321,pos
7322,pos
7323,pos
7324,neg
7325,neg
7326,neg
7327,neg
7328,neg
7329,pos
7330,neg
7331,pos
7332,pos
7333,pos
7334,pos
7335,pos
7336,neg
7337,neg
7338,pos
7339,neg
7340,pos
7341,neg
7342,pos
7343,pos
7344,neg
7345,pos
7346,neg
7347,neg
7348,pos
7349,pos
7350,pos
7351,neg
7352,pos
7353,neg
7354,pos
7355,neg
7356,pos
7357,neg
7358,neg
7359,pos
7360,neg
7361,neg
7362,neg
7363,neg
7364,neg
7365,pos
7366,pos
7367,pos
7368,pos
7369,pos
7370,pos
7371,pos
7372,neg
7373,pos
7374,pos
7375,neg
7376,pos
7377,neg
7378,neg
7379,pos
7380,pos
7381,pos
7382,neg
7383,pos
7384,pos
7385,neg
7386,pos
7387,neg
7388,pos
7389,pos
7390,neg
7391,pos
7392,neg
7393,neg
7394,pos
7395,pos
7396,pos
7397,pos
7398,neg
7399,neg
7400,pos
7401,neg
7402,neg
7403,neg
7404,pos
7405,neg
7406,neg
7407,neg
7408,neg
7409,pos
7410,neg
7411,neg
7412,pos
7413,neg
7414,neg
7415,pos
7416,pos
7417,neg
7418,pos
7419,pos
7420,pos
7421,pos
7422,neg
7423,neg
7424,neg
7425,pos
7426,pos
7427,neg
7428,pos
7429,neg
7430,neg
7431,pos
7432,neg
7433,neg
7434,pos
7435,neg
7436,neg
7437,pos
7438,neg
7439,neg
7440,neg
7441,pos
7442,pos
7443,pos
7444,pos
7445,pos
7446,neg
7447,neg
7448,neg
7449,pos
7450,pos
7451,neg
7452,neg
7453,neg
7454,pos
7455,pos
7456,neg
7457,pos
7458,pos
7459,neg
7460,pos
7461,pos
7462,neg
7463,pos
7464,neg
7465,pos
7466,pos
7467,pos
7468,pos
7469,pos
7470,neg
7471,pos
7472,neg
7473,pos
7474,neg
7475,neg
7476,pos
7477,pos
7478,neg
7479,pos
7480,pos
7481,neg
7482,neg
7483,neg
7484,pos
7485,pos
7486,pos
7487,neg
7488,pos
7489,pos
7490,neg
7491,pos
7492,neg
7493,pos
7494,pos
7495,pos
7496,neg
7497,pos
7498,pos
7499,neg
7500,neg
7501,pos
7502,pos
7503,neg
7504,neg
7505,neg
7506,neg
7507,neg
7508,pos
7509,pos
7510,neg
7511,pos
7512,neg
7513,neg
7514,pos
7515,neg
7516,pos
7517,neg
7518,pos
7519,pos
7520,neg
7521,neg
7522,pos
7523,neg
7524,neg
7525,pos
7526,pos
7527,neg
7528,pos
7529,pos
7530,neg
7531,neg
7532,pos
7533,pos
7534,neg
7535,neg
7536,neg
7537,pos
7538,pos
7539,neg
7540,neg
7541,neg
7542,neg
7543,pos
7544,neg
7545,neg
7546,neg
7547,neg
7548,pos
7549,neg
7550,pos
7551,pos
7552,pos
7553,neg
7554,pos
7555,neg
7556,pos
7557,neg
7558,neg
7559,neg
7560,neg
7561,pos
7562,neg
7563,neg
7564,pos
7565,pos
7566,neg
7567,pos
7568,pos
7569,pos
7570,neg
7571,neg
7572,neg
7573,pos
7574,pos
7575,pos
7576,neg
7577,pos
7578,neg
7579,neg
7580,pos
7581,neg
7582,neg
7583,pos
7584,neg
7585,pos
7586,neg
7587,neg
7588,neg
7589,neg
7590,pos
7591,neg
7592,pos
7593,pos
7594,pos
7595,neg
7596,pos
7597,neg
7598,pos
7599,pos
7600,pos
7601,pos
7602,pos
7603,neg
7604,neg
7605,pos
7606,pos
7607,neg
7608,pos
7609,pos
7610,pos
7611,neg
7612,neg
7613,neg
7614,neg
7615,neg
7616,neg
7617,pos
7618,neg
7619,neg
7620,neg
7621,pos
7622,pos
7623,neg
7624,neg
7625,pos
7626,pos
7627,neg
7628,pos
7629,pos
7630,pos
7631,pos
7632,neg
7633,neg
7634,neg
7635,neg
7636,pos
7637,neg
7638,neg
7639,neg
7640,pos
7641,neg
7642,neg
7643,pos
7644,pos
7645,neg
7646,neg
7647,neg
7648,pos
7649,pos
7650,pos
7651,neg
7652,neg
7653,pos
7654,neg
7655,neg
7656,pos
7657,pos
7658,pos
7659,neg
7660,pos
7661,neg
7662,pos
7663,pos
7664,pos
7665,pos
7666,pos
7667,neg
7668,pos
7669,pos
7670,neg
7671,neg
7672,neg
7673,pos
7674,neg
7675,neg
7676,pos
7677,pos
7678,neg
7679,neg
7680,pos
7681,neg
7682,pos
7683,neg
7684,neg
7685,pos
7686,neg
7687,neg
7688,neg
7689,neg
7690,neg
7691,pos
7692,neg
7693,pos
7694,pos
7695,pos
7696,neg
7697,neg
7698,pos
7699,pos
7700,neg
7701,pos
7702,neg
7703,neg
7704,neg
7705,pos
7706,pos
7707,neg
7708,neg
7709,neg
7710,neg
7711,pos
7712,pos
7713,neg
7714,neg
7715,neg
7716,neg
7717,neg
7718,neg
7719,pos
7720,pos
7721,pos
7722,neg
7723,pos
7724,pos
7725,pos
7726,neg
7727,neg
7728,neg
7729,neg
7730,pos
7731,pos
7732,pos
7733,neg
7734,pos
7735,neg
7736,neg
7737,pos
7738,pos
7739,neg
7740,pos
7741,pos
7742,neg
7743,neg
7744,pos
7745,neg
7746,pos
7747,neg
7748,neg
7749,pos
7750,neg
7751,pos
7752,neg
7753,neg
7754,pos
7755,pos
7756,pos
7757,neg
7758,neg
7759,pos
7760,pos
7761,neg
7762,pos
7763,neg
7764,pos
7765,pos
7766,neg
7767,neg
7768,pos
7769,pos
7770,pos
7771,neg
7772,neg
7773,neg
7774,neg
7775,pos
7776,pos
7777,pos
7778,neg
7779,neg
7780,neg
7781,neg
7782,neg
7783,pos
7784,neg
7785,pos
7786,pos
7787,pos
7788,pos
7789,neg
7790,neg
7791,neg
7792,neg
7793,neg
7794,neg
7795,pos
7796,neg
7797,pos
7798,pos
7799,pos
7800,neg
7801,neg
7802,pos
7803,pos
7804,pos
7805,pos
7806,neg
7807,pos
7808,pos
7809,neg
7810,neg
7811,pos
7812,neg
7813,pos
7814,neg
7815,pos
7816,pos
7817,neg
7818,pos
7819,pos
7820,pos
7821,pos
7822,pos
7823,neg
7824,neg
7825,pos
7826,neg
7827,neg
7828,pos
7829,neg
7830,neg
7831,neg
7832,pos
7833,neg
7834,neg
7835,pos
7836,pos
7837,pos
7838,neg
7839,pos
7840,neg
7841,neg
7842,pos
7843,pos
7844,neg
7845,pos
7846,pos
7847,neg
7848,pos
7849,neg
7850,pos
7851,pos
7852,neg
7853,neg
7854,pos
7855,pos
7856,neg
7857,neg
7858,neg
7859,pos
7860,pos
7861,neg
7862,pos
7863,neg
7864,pos
7865,pos
7866,pos
7867,neg
7868,pos
7869,pos
7870,neg
7871,neg
7872,pos
7873,neg
7874,pos
7875,neg
7876,neg
7877,pos
7878,pos
7879,neg
7880,pos
7881,pos
7882,neg
7883,pos
7884,neg
7885,neg
7886,pos
7887,pos
7888,neg
7889,pos
7890,pos
7891,pos
7892,pos
7893,neg
7894,pos
7895,neg
7896,neg
7897,pos
7898,neg
7899,pos
7900,neg
7901,neg
7902,pos
7903,pos
7904,neg
7905,pos
7906,neg
7907,neg
7908,pos
7909,neg
7910,neg
7911,pos
7912,neg
7913,neg
7914,neg
7915,pos
7916,neg
7917,pos
7918,neg
7919,neg
7920,pos
7921,neg
7922,neg
7923,pos
7924,neg
7925,neg
7926,pos
7927,neg
7928,pos
7929,pos
7930,pos
7931,neg
7932,neg
7933,neg
7934,pos
7935,pos
7936,pos
7937,pos
7938,pos
7939,neg
7940,neg
7941,neg
7942,neg
7943,neg
7944,neg
7945,pos
7946,pos
7947,neg
7948,neg
7949,neg
7950,pos
7951,neg
7952,pos
7953,neg
7954,neg
7955,neg
7956,pos
7957,pos
7958,pos
7959,pos
7960,neg
7961,neg
7962,pos
7963,pos
7964,pos
7965,neg
7966,neg
7967,neg
7968,pos
7969,neg
7970,pos
7971,pos
7972,pos
7973,neg
7974,neg
7975,pos
7976,neg
7977,neg
7978,pos
7979,neg
7980,neg
7981,neg
7982,pos
7983,neg
7984,neg
7985,pos
7986,neg
7987,pos
7988,neg
7989,neg
7990,neg
7991,neg
7992,pos
7993,neg
7994,neg
7995,neg
7996,pos
7997,pos
7998,neg
7999,pos
8000,pos
8001,pos
8002,pos
8003,neg
8004,neg
8005,neg
8006,pos
8007,neg
8008,pos
8009,neg
8010,neg
8011,pos
8012,neg
8013,neg
8014,pos
8015,pos
8016,neg
8017,pos
8018,pos
8019,pos
8020,neg
8021,pos
8022,neg
8023,neg
8024,pos
8025,pos
8026,neg
8027,neg
8028,neg
8029,pos
8030,pos
8031,pos
8032,neg
8033,pos
8034,neg
8035,neg
8036,pos
8037,neg
8038,neg
8039,pos
8040,pos
8041,neg
8042,neg
8043,neg
8044,pos
8045,neg
8046,pos
8047,pos
8048,pos
8049,neg
8050,neg
8051,pos
8052,neg
8053,neg
8054,neg
8055,pos
8056,pos
8057,pos
8058,neg
8059,pos
8060,neg
8061,neg
8062,pos
8063,neg
8064,pos
8065,neg
8066,neg
8067,pos
8068,pos
8069,neg
8070,pos
8071,neg
8072,pos
8073,pos
8074,pos
8075,neg
8076,neg
8077,neg
8078,neg
8079,pos
8080,pos
8081,neg
8082,neg
8083,neg
8084,neg
8085,pos
8086,neg
8087,neg
8088,pos
8089,pos
8090,pos
8091,pos
8092,neg
8093,neg
8094,pos
8095,pos
8096,neg
8097,pos
8098,pos
8099,pos
8100,pos
8101,neg
8102,pos
8103,neg
8104,neg
8105,pos
8106,neg
8107,pos
8108,neg
8109,pos
8110,pos
8111,pos
8112,neg
8113,pos
8114,pos
8115,pos
8116,pos
8117,pos
8118,pos
8119,pos
8120,pos
8121,pos
8122,neg
8123,neg
8124,pos
8125,pos
8126,neg
8127,neg
8128,neg
8129,neg
8130,neg
8131,pos
8132,pos
8133,pos
8134,neg
8135,neg
8136,neg
8137,neg
8138,pos
8139,neg
8140,pos
8141,pos
8142,pos
8143,pos
8144,neg
8145,neg
8146,pos
8147,neg
8148,neg
8149,pos
8150,pos
8151,pos
8152,neg
8153,neg
8154,pos
8155,neg
8156,pos
8157,pos
8158,pos
8159,pos
8160,neg
8161,neg
8162,neg
8163,neg
8164,pos
8165,neg
8166,pos
8167,neg
8168,neg
8169,neg
8170,neg
8171,neg
8172,pos
8173,pos
8174,neg
8175,pos
8176,neg
8177,pos
8178,pos
8179,pos
8180,neg
8181,neg
8182,pos
8183,neg
8184,neg
8185,neg
8186,pos
8187,pos
8188,neg
8189,neg
8190,pos
8191,neg
8192,neg
8193,neg
8194,neg
8195,pos
8196,neg
8197,pos
8198,neg
8199,neg
8200,pos
8201,pos
8202,neg
8203,neg
8204,pos
8205,pos
8206,neg
8207,pos
8208,neg
8209,pos
8210,neg
8211,pos
8212,pos
8213,pos
8214,pos
8215,neg
8216,neg
8217,neg
8218,pos
8219,neg
8220,pos
8221,neg
8222,pos
8223,pos
8224,neg
8225,neg
8226,pos
8227,pos
8228,pos
8229,neg
8230,neg
8231,pos
8232,pos
8233,neg
8234,neg
8235,pos
8236,neg
8237,neg
8238,neg
8239,pos
8240,pos
8241,pos
8242,neg
8243,neg
8244,neg
8245,neg
8246,neg
8247,neg
8248,neg
8249,pos
8250,pos
8251,pos
8252,neg
8253,neg
8254,pos
8255,neg
8256,pos
8257,neg
8258,pos
8259,pos
8260,neg
8261,pos
8262,neg
8263,pos
8264,neg
8265,pos
8266,neg
8267,pos
8268,pos
8269,pos
8270,neg
8271,neg
8272,pos
8273,pos
8274,pos
8275,pos
8276,neg
8277,pos
8278,pos
8279,pos
8280,pos
8281,pos
8282,pos
8283,pos
8284,pos
8285,neg
8286,pos
8287,neg
8288,pos
8289,neg
8290,pos
8291,pos
8292,pos
8293,pos
8294,neg
8295,neg
8296,pos
8297,pos
8298,neg
8299,neg
8300,pos
8301,neg
8302,neg
8303,neg
8304,neg
8305,pos
8306,neg
8307,neg
8308,neg
8309,neg
8310,pos
8311,pos
8312,pos
8313,neg
8314,neg
8315,neg
8316,neg
8317,neg
8318,neg
8319,neg
8320,neg
8321,neg
8322,neg
8323,pos
8324,neg
8325,pos
8326,neg
8327,pos
8328,neg
8329,pos
8330,pos
8331,neg
8332,neg
8333,neg
8334,neg
8335,neg
8336,pos
8337,pos
8338,pos
8339,neg
8340,pos
8341,pos
8342,pos
8343,pos
8344,pos
8345,neg
8346,neg
8347,pos
8348,neg
8349,neg
8350,neg
8351,pos
8352,neg
8353,neg
8354,pos
8355,neg
8356,pos
8357,pos
8358,neg
8359,pos
8360,neg
8361,pos
8362,pos
8363,pos
8364,pos
8365,neg
8366,neg
8367,pos
8368,pos
8369,neg
8370,neg
8371,neg
8372,pos
8373,neg
8374,pos
8375,neg
8376,neg
8377,neg
8378,pos
8379,neg
8380,pos
8381,neg
8382,neg
8383,neg
8384,pos
8385,neg
8386,pos
8387,neg
8388,pos
8389,pos
8390,pos
8391,neg
8392,neg
8393,neg
8394,pos
8395,pos
8396,pos
8397,pos
8398,neg
8399,pos
8400,pos
8401,pos
8402,neg
8403,pos
8404,neg
8405,neg
8406,pos
8407,pos
8408,pos
8409,neg
8410,neg
8411,neg
8412,neg
8413,neg
8414,pos
8415,pos
8416,pos
8417,pos
8418,neg
8419,neg
8420,pos
8421,neg
8422,pos
8423,neg
8424,pos
8425,neg
8426,neg
8427,pos
8428,pos
8429,neg
8430,neg
8431,neg
8432,pos
8433,neg
8434,pos
8435,neg
8436,pos
8437,neg
8438,pos
8439,neg
8440,pos
8441,neg
8442,pos
8443,neg
8444,pos
8445,neg
8446,pos
8447,neg
8448,pos
8449,pos
8450,pos
8451,neg
8452,pos
8453,neg
8454,neg
8455,pos
8456,neg
8457,pos
8458,neg
8459,neg
8460,neg
8461,pos
8462,pos
8463,pos
8464,pos
8465,pos
8466,pos
8467,pos
8468,pos
8469,neg
8470,pos
8471,neg
8472,neg
8473,neg
8474,pos
8475,neg
8476,neg
8477,neg
8478,pos
8479,neg
8480,pos
8481,pos
8482,pos
8483,neg
8484,neg
8485,neg
8486,pos
8487,neg
8488,pos
8489,pos
8490,pos
8491,pos
8492,pos
8493,neg
8494,neg
8495,neg
8496,pos
8497,pos
8498,neg
8499,pos
8500,neg
8501,pos
8502,pos
8503,neg
8504,neg
8505,pos
8506,neg
8507,pos
8508,pos
8509,neg
8510,neg
8511,neg
8512,pos
8513,pos
8514,pos
8515,neg
8516,pos
8517,neg
8518,pos
8519,neg
8520,neg
8521,pos
8522,neg
8523,pos
8524,pos
8525,pos
8526,neg
8527,neg
8528,neg
8529,pos
8530,pos
8531,neg
8532,neg
8533,pos
8534,neg
8535,pos
8536,pos
8537,neg
8538,neg
8539,pos
8540,pos
8541,neg
8542,neg
8543,neg
8544,pos
8545,pos
8546,pos
8547,neg
8548,neg
8549,neg
8550,pos
8551,neg
8552,pos
8553,neg
8554,pos
8555,neg
8556,neg
8557,neg
8558,pos
8559,neg
8560,neg
8561,neg
8562,pos
8563,neg
8564,pos
8565,neg
8566,neg
8567,pos
8568,neg
8569,pos
8570,pos
8571,pos
8572,neg
8573,neg
8574,neg
8575,neg
8576,pos
8577,neg
8578,pos
8579,pos
8580,pos
8581,pos
8582,neg
8583,pos
8584,neg
8585,neg
8586,neg
8587,neg
8588,pos
8589,neg
8590,pos
8591,neg
8592,neg
8593,pos
8594,neg
8595,neg
8596,pos
8597,pos
8598,neg
8599,pos
8600,neg
8601,pos
8602,neg
8603,pos
8604,pos
8605,neg
8606,pos
8607,neg
8608,neg
8609,neg
8610,neg
8611,neg
8612,neg
8613,neg
8614,pos
8615,pos
8616,pos
8617,neg
8618,pos
8619,neg
8620,pos
8621,pos
8622,pos
8623,pos
8624,neg
8625,pos
8626,neg
8627,neg
8628,pos
8629,neg
8630,pos
8631,pos
8632,neg
8633,pos
8634,pos
8635,pos
8636,neg
8637,pos
8638,neg
8639,pos
8640,neg
8641,pos
8642,neg
8643,neg
8644,neg
8645,pos
8646,pos
8647,pos
8648,pos
8649,pos
8650,neg
8651,neg
8652,neg
8653,neg
8654,neg
8655,pos
8656,pos
8657,pos
8658,neg
8659,pos
8660,pos
8661,pos
8662,pos
8663,neg
8664,neg
8665,neg
8666,pos
8667,neg
8668,pos
8669,neg
8670,neg
8671,neg
8672,neg
8673,neg
8674,neg
8675,neg
8676,neg
8677,pos
8678,pos
8679,pos
8680,pos
8681,pos
8682,pos
8683,neg
8684,pos
8685,pos
8686,pos
8687,neg
8688,neg
8689,pos
8690,pos
8691,neg
8692,pos
8693,neg
8694,neg
8695,neg
8696,pos
8697,pos
8698,pos
8699,pos
8700,pos
8701,pos
8702,neg
8703,neg
8704,pos
8705,pos
8706,neg
8707,neg
8708,neg
8709,neg
8710,neg
8711,pos
8712,neg
8713,pos
8714,neg
8715,neg
8716,pos
8717,neg
8718,neg
8719,pos
8720,pos
8721,neg
8722,neg
8723,pos
8724,neg
8725,neg
8726,pos
8727,neg
8728,neg
8729,pos
8730,pos
8731,pos
8732,neg
8733,neg
8734,neg
8735,neg
8736,pos
8737,pos
8738,pos
8739,neg
8740,neg
8741,pos
8742,pos
8743,neg
8744,neg
8745,neg
8746,pos
8747,neg
8748,neg
8749,neg
8750,pos
8751,pos
8752,pos
8753,pos
8754,pos
8755,neg
8756,neg
8757,pos
8758,neg
8759,pos
8760,neg
8761,pos
8762,neg
8763,neg
8764,neg
8765,neg
8766,pos
8767,pos
8768,neg
8769,pos
8770,pos
8771,neg
8772,neg
8773,pos
8774,pos
8775,neg
8776,neg
8777,neg
8778,neg
8779,pos
8780,neg
8781,neg
8782,neg
8783,pos
8784,neg
8785,neg
8786,neg
8787,neg
8788,neg
8789,pos
8790,pos
8791,neg
8792,neg
8793,neg
8794,pos
8795,pos
8796,neg
8797,neg
8798,pos
8799,neg
8800,pos
8801,neg
8802,neg
8803,pos
8804,neg
8805,pos
8806,neg
8807,pos
8808,neg
8809,neg
8810,pos
8811,pos
8812,neg
8813,pos
8814,pos
8815,pos
8816,pos
8817,neg
8818,pos
8819,neg
8820,neg
8821,neg
8822,neg
8823,pos
8824,neg
8825,neg
8826,pos
8827,pos
8828,neg
8829,pos
8830,neg
8831,pos
8832,pos
8833,pos
8834,pos
8835,pos
8836,neg
8837,neg
8838,pos
8839,neg
8840,pos
8841,neg
8842,neg
8843,pos
8844,neg
8845,neg
8846,pos
8847,pos
8848,pos
8849,neg
8850,neg
8851,neg
8852,neg
8853,neg
8854,pos
8855,pos
8856,pos
8857,neg
8858,pos
8859,pos
8860,pos
8861,neg
8862,neg
8863,pos
8864,neg
8865,neg
8866,pos
8867,neg
8868,pos
8869,pos
8870,neg
8871,pos
8872,pos
8873,pos
8874,pos
8875,pos
8876,pos
8877,pos
8878,pos
8879,neg
8880,pos
8881,neg
8882,pos
8883,pos
8884,pos
8885,pos
8886,pos
8887,pos
8888,neg
8889,neg
8890,neg
8891,neg
8892,pos
8893,pos
8894,neg
8895,neg
8896,pos
8897,neg
8898,pos
8899,pos
8900,neg
8901,pos
8902,neg
8903,neg
8904,pos
8905,pos
8906,neg
8907,pos
8908,neg
8909,pos
8910,neg
8911,neg
8912,neg
8913,neg
8914,pos
8915,neg
8916,neg
8917,pos
8918,pos
8919,neg
8920,pos
8921,neg
8922,neg
8923,pos
8924,neg
8925,pos
8926,pos
8927,pos
8928,pos
8929,neg
8930,neg
8931,pos
8932,neg
8933,neg
8934,neg
8935,pos
8936,neg
8937,neg
8938,pos
8939,neg
8940,neg
8941,pos
8942,pos
8943,pos
8944,neg
8945,neg
8946,pos
8947,neg
8948,neg
8949,neg
8950,neg
8951,neg
8952,pos
8953,neg
8954,pos
8955,neg
8956,neg
8957,neg
8958,neg
8959,pos
8960,pos
8961,neg
8962,neg
8963,pos
8964,pos
8965,neg
8966,pos
8967,neg
8968,neg
8969,neg
8970,neg
8971,pos
8972,pos
8973,neg
8974,pos
8975,neg
8976,pos
8977,neg
8978,neg
8979,pos
8980,neg
8981,pos
8982,neg
8983,neg
8984,neg
8985,pos
8986,neg
8987,neg
8988,neg
8989,neg
8990,neg
8991,neg
8992,pos
8993,pos
8994,pos
8995,neg
8996,neg
8997,neg
8998,neg
8999,neg
9000,pos
9001,pos
9002,pos
9003,neg
9004,pos
9005,pos
9006,pos
9007,pos
9008,pos
9009,pos
9010,neg
9011,neg
9012,pos
9013,pos
9014,neg
9015,pos
9016,pos
9017,pos
9018,neg
9019,pos
9020,neg
9021,pos
9022,pos
9023,pos
9024,neg
9025,pos
9026,neg
9027,neg
9028,neg
9029,pos
9030,pos
9031,pos
9032,neg
9033,pos
9034,pos
9035,pos
9036,pos
9037,pos
9038,neg
9039,neg
9040,pos
9041,pos
9042,neg
9043,pos
9044,pos
9045,pos
9046,neg
9047,pos
9048,pos
9049,neg
9050,neg
9051,neg
9052,pos
9053,pos
9054,neg
9055,pos
9056,pos
9057,neg
9058,pos
9059,pos
9060,pos
9061,neg
9062,pos
9063,neg
9064,pos
9065,neg
9066,neg
9067,neg
9068,pos
9069,neg
9070,neg
9071,pos
9072,pos
9073,pos
9074,pos
9075,pos
9076,pos
9077,pos
9078,pos
9079,pos
9080,neg
9081,neg
9082,pos
9083,neg
9084,neg
9085,pos
9086,pos
9087,neg
9088,neg
9089,pos
9090,neg
9091,pos
9092,neg
9093,neg
9094,neg
9095,pos
9096,pos
9097,neg
9098,pos
9099,pos
9100,pos
9101,neg
9102,pos
9103,pos
9104,neg
9105,pos
9106,pos
9107,pos
9108,neg
9109,neg
9110,pos
9111,pos
9112,neg
9113,pos
9114,neg
9115,neg
9116,pos
9117,pos
9118,neg
9119,pos
9120,neg
9121,neg
9122,neg
9123,neg
9124,pos
9125,neg
9126,pos
9127,neg
9128,pos
9129,neg
9130,pos
9131,neg
9132,pos
9133,pos
9134,neg
9135,neg
9136,pos
9137,neg
9138,pos
9139,neg
9140,neg
9141,pos
9142,pos
9143,neg
9144,neg
9145,neg
9146,neg
9147,neg
9148,pos
9149,neg
9150,pos
9151,pos
9152,pos
9153,pos
9154,neg
9155,pos
9156,pos
9157,neg
9158,neg
9159,pos
9160,neg
9161,pos
9162,pos
9163,neg
9164,neg
9165,pos
9166,neg
9167,pos
9168,pos
9169,pos
9170,neg
9171,pos
9172,pos
9173,neg
9174,neg
9175,neg
9176,pos
9177,pos
9178,neg
9179,neg
9180,pos
9181,pos
9182,neg
9183,neg
9184,neg
9185,neg
9186,pos
9187,neg
9188,pos
9189,pos
9190,pos
9191,pos
9192,neg
9193,pos
9194,neg
9195,pos
9196,pos
9197,neg
9198,pos
9199,pos
9200,pos
9201,pos
9202,pos
9203,neg
9204,neg
9205,pos
9206,pos
9207,pos
9208,neg
9209,pos
9210,neg
9211,neg
9212,pos
9213,neg
9214,pos
9215,pos
9216,pos
9217,neg
9218,neg
9219,pos
9220,neg
9221,pos
9222,pos
9223,neg
9224,neg
9225,pos
9226,neg
9227,neg
9228,neg
9229,pos
9230,pos
9231,neg
9232,neg
9233,pos
9234,pos
9235,neg
9236,pos
9237,pos
9238,pos
9239,pos
9240,neg
9241,pos
9242,pos
9243,neg
9244,pos
9245,neg
9246,pos
9247,neg
9248,pos
9249,neg
9250,neg
9251,neg
9252,pos
9253,neg
9254,neg
9255,pos
9256,neg
9257,neg
9258,pos
9259,pos
9260,neg
9261,pos
9262,pos
9263,pos
9264,neg
9265,neg
9266,pos
9267,neg
9268,pos
9269,neg
9270,pos
9271,pos
9272,neg
9273,pos
9274,pos
9275,pos
9276,neg
9277,neg
9278,neg
9279,neg
9280,neg
9281,neg
9282,neg
9283,neg
9284,neg
9285,pos
9286,pos
9287,pos
9288,pos
9289,neg
9290,neg
9291,pos
9292,pos
9293,neg
9294,neg
9295,neg
9296,pos
9297,neg
9298,pos
9299,neg
9300,neg
9301,neg
9302,neg
9303,pos
9304,neg
9305,neg
9306,pos
9307,neg
9308,neg
9309,neg
9310,neg
9311,neg
9312,pos
9313,pos
9314,pos
9315,neg
9316,pos
9317,pos
9318,pos
9319,neg
9320,pos
9321,pos
9322,pos
9323,neg
9324,pos
9325,pos
9326,pos
9327,pos
9328,pos
9329,neg
9330,neg
9331,pos
9332,neg
9333,neg
9334,pos
9335,pos
9336,neg
9337,pos
9338,neg
9339,pos
9340,neg
9341,pos
9342,pos
9343,neg
9344,neg
9345,neg
9346,neg
9347,pos
9348,neg
9349,neg
9350,pos
9351,pos
9352,neg
9353,pos
9354,pos
9355,neg
9356,pos
9357,neg
9358,neg
9359,neg
9360,neg
9361,pos
9362,pos
9363,neg
9364,pos
9365,pos
9366,pos
9367,pos
9368,neg
9369,pos
9370,pos
9371,neg
9372,pos
9373,pos
9374,neg
9375,pos
9376,pos
9377,neg
9378,pos
9379,pos
9380,pos
9381,pos
9382,neg
9383,neg
9384,pos
9385,neg
9386,pos
9387,pos
9388,pos
9389,pos
9390,neg
9391,neg
9392,pos
9393,neg
9394,neg
9395,neg
9396,neg
9397,neg
9398,neg
9399,pos
9400,neg
9401,neg
9402,neg
9403,pos
9404,pos
9405,neg
9406,pos
9407,pos
9408,pos
9409,neg
9410,pos
9411,pos
9412,neg
9413,pos
9414,neg
9415,pos
9416,pos
9417,pos
9418,pos
9419,pos
9420,neg
9421,pos
9422,pos
9423,neg
9424,pos
9425,neg
9426,neg
9427,pos
9428,pos
9429,pos
9430,pos
9431,pos
9432,neg
9433,neg
9434,neg
9435,pos
9436,neg
9437,neg
9438,neg
9439,pos
9440,neg
9441,neg
9442,neg
9443,pos
9444,neg
9445,neg
9446,pos
9447,pos
9448,neg
9449,pos
9450,neg
9451,neg
9452,neg
9453,pos
9454,neg
9455,neg
9456,pos
9457,pos
9458,pos
9459,pos
9460,neg
9461,neg
9462,neg
9463,neg
9464,neg
9465,pos
9466,neg
9467,neg
9468,neg
9469,pos
9470,neg
9471,neg
9472,pos
9473,pos
9474,pos
9475,neg
9476,neg
9477,pos
9478,pos
9479,pos
9480,pos
9481,pos
9482,neg
9483,pos
9484,pos
9485,neg
9486,pos
9487,neg
9488,pos
9489,pos
9490,neg
9491,neg
9492,neg
9493,neg
9494,pos
9495,pos
9496,neg
9497,pos
9498,pos
9499,pos
9500,pos
9501,neg
9502,pos
9503,neg
9504,neg
9505,pos
9506,pos
9507,pos
9508,pos
9509,pos
9510,neg
9511,pos
9512,pos
9513,pos
9514,pos
9515,pos
9516,neg
9517,pos
9518,pos
9519,neg
9520,neg
9521,pos
9522,neg
9523,pos
9524,neg
9525,pos
9526,neg
9527,pos
9528,neg
9529,neg
9530,pos
9531,neg
9532,pos
9533,neg
9534,neg
9535,pos
9536,neg
9537,neg
9538,pos
9539,neg
9540,pos
9541,neg
9542,neg
9543,neg
9544,pos
9545,pos
9546,neg
9547,neg
9548,neg
9549,neg
9550,neg
9551,pos
9552,pos
9553,neg
9554,neg
9555,neg
9556,pos
9557,pos
9558,neg
9559,pos
9560,pos
9561,pos
9562,pos
9563,pos
9564,pos
9565,neg
9566,neg
9567,neg
9568,pos
9569,neg
9570,neg
9571,neg
9572,pos
9573,pos
9574,pos
9575,neg
9576,neg
9577,pos
9578,pos
9579,neg
9580,pos
9581,pos
9582,neg
9583,neg
9584,neg
9585,pos
9586,pos
9587,pos
9588,pos
9589,pos
9590,pos
9591,neg
9592,pos
9593,pos
9594,neg
9595,neg
9596,neg
9597,neg
9598,pos
9599,neg
9600,neg
9601,neg
9602,neg
9603,pos
9604,neg
9605,neg
9606,neg
9607,pos
9608,neg
9609,pos
9610,pos
9611,neg
9612,neg
9613,pos
9614,pos
9615,pos
9616,pos
9617,neg
9618,pos
9619,neg
9620,neg
9621,pos
9622,pos
9623,pos
9624,pos
9625,neg
9626,neg
9627,neg
9628,pos
9629,neg
9630,neg
9631,neg
9632,neg
9633,neg
9634,neg
9635,neg
9636,neg
9637,pos
9638,pos
9639,pos
9640,neg
9641,neg
9642,neg
9643,pos
9644,neg
9645,neg
9646,neg
9647,neg
9648,neg
9649,pos
9650,pos
9651,pos
9652,pos
9653,neg
9654,neg
9655,neg
9656,neg
9657,pos
9658,neg
9659,neg
9660,pos
9661,pos
9662,neg
9663,pos
9664,pos
9665,pos
9666,neg
9667,pos
9668,pos
9669,pos
9670,pos
9671,neg
9672,pos
9673,neg
9674,pos
9675,neg
9676,neg
9677,neg
9678,neg
9679,neg
9680,neg
9681,pos
9682,pos
9683,pos
9684,neg
9685,pos
9686,pos
9687,pos
9688,pos
9689,pos
9690,pos
9691,pos
9692,neg
9693,pos
9694,pos
9695,neg
9696,pos
9697,pos
9698,neg
9699,pos
9700,neg
9701,pos
9702,pos
9703,neg
9704,neg
9705,pos
9706,neg
9707,pos
9708,neg
9709,pos
9710,neg
9711,neg
9712,pos
9713,pos
9714,neg
9715,neg
9716,pos
9717,pos
9718,pos
9719,pos
9720,neg
9721,neg
9722,pos
9723,pos
9724,pos
9725,neg
9726,pos
9727,neg
9728,neg
9729,pos
9730,neg
9731,neg
9732,pos
9733,pos
9734,neg
9735,neg
9736,neg
9737,pos
9738,neg
9739,neg
9740,neg
9741,pos
9742,neg
9743,neg
9744,pos
9745,pos
9746,neg
9747,neg
9748,neg
9749,neg
9750,pos
9751,pos
9752,neg
9753,neg
9754,pos
9755,pos
9756,pos
9757,neg
9758,neg
9759,neg
9760,neg
9761,pos
9762,neg
9763,pos
9764,neg
9765,neg
9766,pos
9767,neg
9768,pos
9769,neg
9770,neg
9771,neg
9772,pos
9773,pos
9774,pos
9775,neg
9776,pos
9777,pos
9778,pos
9779,pos
9780,neg
9781,neg
9782,neg
9783,pos
9784,neg
9785,pos
9786,pos
9787,neg
9788,neg
9789,neg
9790,neg
9791,pos
9792,neg
9793,pos
9794,neg
9795,neg
9796,pos
9797,pos
9798,neg
9799,neg
9800,neg
9801,pos
9802,neg
9803,pos
9804,pos
9805,neg
9806,pos
9807,pos
9808,neg
9809,neg
9810,neg
9811,pos
9812,neg
9813,pos
9814,pos
9815,pos
9816,pos
9817,pos
9818,neg
9819,pos
9820,pos
9821,neg
9822,neg
9823,neg
9824,pos
9825,neg
9826,pos
9827,pos
9828,neg
9829,pos
9830,pos
9831,neg
9832,pos
9833,neg
9834,neg
9835,neg
9836,neg
9837,neg
9838,neg
9839,pos
9840,pos
9841,neg
9842,pos
9843,pos
9844,pos
9845,pos
9846,neg
9847,pos
9848,neg
9849,pos
9850,pos
9851,pos
9852,neg
9853,pos
9854,neg
9855,neg
9856,pos
9857,neg
9858,neg
9859,neg
9860,pos
9861,neg
9862,neg
9863,neg
9864,neg
9865,pos
9866,pos
9867,pos
9868,pos
9869,pos
9870,neg
9871,pos
9872,pos
9873,pos
9874,neg
9875,pos
9876,neg
9877,neg
9878,pos
9879,neg
9880,neg
9881,pos
9882,neg
9883,pos
9884,pos
9885,neg
9886,pos
9887,pos
9888,pos
9889,neg
9890,pos
9891,pos
9892,neg
9893,neg
9894,neg
9895,pos
9896,neg
9897,neg
9898,neg
9899,pos
9900,pos
9901,neg
9902,pos
9903,neg
9904,pos
9905,pos
9906,pos
9907,neg
9908,neg
9909,pos
9910,neg
9911,neg
9912,pos
9913,pos
9914,neg
9915,pos
9916,pos
9917,pos
9918,neg
9919,neg
9920,neg
9921,neg
9922,pos
9923,neg
9924,pos
9925,pos
9926,pos
9927,pos
9928,neg
9929,neg
9930,neg
9931,neg
9932,pos
9933,pos
9934,pos
9935,neg
9936,pos
9937,neg
9938,neg
9939,neg
9940,pos
9941,pos
9942,neg
9943,neg
9944,neg
9945,pos
9946,pos
9947,pos
9948,pos
9949,neg
9950,pos
9951,neg
9952,pos
9953,neg
9954,pos
9955,pos
9956,pos
9957,pos
9958,neg
9959,pos
9960,neg
9961,pos
9962,neg
9963,pos
9964,neg
9965,pos
9966,pos
9967,neg
9968,neg
9969,neg
9970,neg
9971,pos
9972,pos
9973,pos
9974,pos
9975,pos
9976,pos
9977,neg
9978,neg
9979,neg
9980,neg
9981,pos
9982,pos
9983,neg
9984,neg
9985,neg
9986,pos
9987,pos
9988,neg
9989,pos
9990,pos
9991,pos
9992,neg
9993,pos
9994,neg
9995,neg
9996,pos
9997,pos
9998,pos
9999,neg
